Repo,1,2,3,4,5,6,7,8,9,10
EsotericSoftware/kryo,21,15,12,11,11,10,7,7,7,6
mochajs/mocha,73,61,45,37,35,31,26,24,24,19
ianstormtaylor/slate,132,130,129,61,53,51,22,19,19,12
juanfont/headscale,93,86,83,79,74,68,66,65,61,59
BVLC/caffe,9,5,5,3,3,3,3,3,3,2
NVlabs/instant-ngp,0,0,0,0,0,0,0,0,0,0
nteract/nteract,35,21,20,15,14,11,8,8,7,7
casey/just,0,0,0,0,0,0,0,0,0,0
django-extensions/django-extensions,4,4,4,4,4,4,4,4,4,4
benhmoore/Knwl,0,0,0,0,0,0,0,0,0,0
leongersen/noUiSlider,53,33,21,15,12,9,7,5,4,4
sockeqwe/mosby,10,4,3,1,1,1,0,0,0,0
cryptomator/cryptomator,122,85,69,55,46,39,32,25,22,20
microsoft/winget-cli,50,48,40,37,34,32,31,29,29,29
sqshq/piggymetrics,0,0,0,0,0,0,0,0,0,0
StackExchange/blackbox,1,1,1,1,1,1,1,1,1,1
ai/nanoid,1,1,1,1,0,0,0,0,0,0
realm/realm-swift,129,95,72,50,36,28,18,13,10,6
HelloZeroNet/ZeroNet,0,0,0,0,0,0,0,0,0,0
newren/git-filter-repo,0,0,0,0,0,0,0,0,0,0
dicebear/dicebear,2,2,2,1,1,1,1,1,1,1
ArthurHub/Android-Image-Cropper,3,2,2,1,1,1,0,0,0,0
StockSharp/StockSharp,1,0,0,0,0,0,0,0,0,0
eduardolundgren/tracking.js,1,0,0,0,0,0,0,0,0,0
libretro/RetroArch,0,0,0,0,0,0,0,0,0,0
apple/swift,0,0,0,0,0,0,0,0,0,0
phw/peek,13,11,11,10,8,7,5,5,2,1
Netflix/metaflow,89,82,65,55,45,32,26,21,16,15
petkaantonov/bluebird,61,28,23,13,7,4,3,2,1,1
obsproject/obs-studio,4,4,4,4,4,4,4,4,4,4
wekan/wekan,362,266,202,162,133,110,90,76,54,45
guardicore/monkey,17,17,15,15,15,14,14,14,14,13
insidegui/WWDC,14,14,14,1,0,0,0,0,0,0
apache/jmeter,8,5,5,5,5,5,5,5,5,5
Ralim/IronOS,18,15,12,11,10,10,9,9,9,9
clips/pattern,0,0,0,0,0,0,0,0,0,0
gruns/icecream,2,0,0,0,0,0,0,0,0,0
sampotts/plyr,39,23,13,9,5,4,3,2,1,1
tabulapdf/tabula,17,16,16,15,13,13,8,7,5,5
jonas/tig,28,26,25,24,22,20,20,19,18,18
google-deepmind/lab,1,1,0,0,0,0,0,0,0,0
locomotivemtl/locomotive-scroll,1,1,1,1,0,0,0,0,0,0
emilk/egui,1,1,1,1,0,0,0,0,0,0
dandavison/delta,39,34,28,26,24,22,17,16,15,14
ruby/ruby,7,6,6,5,4,4,4,4,4,4
mikefarah/yq,104,73,50,31,18,10,8,5,4,4
rxhanson/Rectangle,20,18,17,17,16,16,12,11,9,6
go-pg/pg,0,0,0,0,0,0,0,0,0,0
Netflix/eureka,122,80,51,38,22,15,12,9,7,4
robertkrimen/otto,2,2,1,1,1,1,1,1,1,1
react-boilerplate/react-boilerplate,6,2,0,0,0,0,0,0,0,0
scottbez1/smartknob,3,3,2,1,0,0,0,0,0,0
nadbm/react-datasheet,1,0,0,0,0,0,0,0,0,0
ReactiveCocoa/ReactiveCocoa,66,47,39,29,22,15,11,10,5,4
louthy/language-ext,29,17,10,7,5,4,3,3,3,2
prolificinteractive/material-calendarview,2,0,0,0,0,0,0,0,0,0
apache/seatunnel,18,12,11,9,9,7,7,7,7,7
mojs/mojs,4,4,3,3,3,3,3,3,2,2
hubotio/hubot,30,30,15,5,3,3,2,2,2,2
mikf/gallery-dl,122,110,106,101,98,95,89,86,76,70
flike/kingshard,0,0,0,0,0,0,0,0,0,0
bulletphysics/bullet3,8,8,8,4,3,3,1,0,0,0
FredrikNoren/ungit,25,0,0,0,0,0,0,0,0,0
commitizen/cz-cli,73,72,65,27,18,15,9,7,6,6
curlconverter/curlconverter,0,0,0,0,0,0,0,0,0,0
Nevcairiel/LAVFilters,0,0,0,0,0,0,0,0,0,0
linnovate/mean,1,0,0,0,0,0,0,0,0,0
Wilfred/difftastic,2,0,0,0,0,0,0,0,0,0
twitter/twemproxy,0,0,0,0,0,0,0,0,0,0
akveo/ngx-admin,1,1,1,1,1,1,1,1,1,1
zalando/patroni,0,0,0,0,0,0,0,0,0,0
lmcinnes/umap,2,2,2,2,2,2,2,2,2,2
yarolegovich/DiscreteScrollView,0,0,0,0,0,0,0,0,0,0
burnash/gspread,43,32,24,20,20,19,17,16,15,14
reactjs/react-rails,11,9,7,5,3,2,2,2,1,1
matryer/xbar,43,18,13,10,6,3,3,1,1,1
liriliri/eruda,30,9,4,1,0,0,0,0,0,0
grpc/grpc-web,18,17,16,15,15,13,11,9,8,8
mobile-shell/mosh,6,3,2,2,2,2,2,2,2,2
Genymobile/scrcpy,31,29,28,28,27,24,19,18,18,17
kubernetes/kops,151,140,134,131,126,120,118,111,109,107
SwiftKickMobile/SwiftMessages,21,14,7,4,2,1,0,0,0,0
chaijs/chai,36,33,24,21,19,18,14,13,12,10
balderdashy/sails,16,15,13,11,9,6,4,3,3,3
darktable-org/darktable,18,5,1,1,1,1,0,0,0,0
photonstorm/phaser,111,107,105,102,97,95,93,91,85,83
cloudflare/boringtun,4,4,0,0,0,0,0,0,0,0
rlabbe/Kalman-and-Bayesian-Filters-in-Python,0,0,0,0,0,0,0,0,0,0
overtone/overtone,2,0,0,0,0,0,0,0,0,0
yzhao062/pyod,16,10,5,2,1,1,0,0,0,0
gohugoio/hugo,235,230,215,195,186,183,172,164,156,146
marcotcr/lime,0,0,0,0,0,0,0,0,0,0
sindresorhus/pageres,33,20,11,8,5,4,3,3,3,2
Swordfish90/cool-retro-term,2,0,0,0,0,0,0,0,0,0
WebGoat/WebGoat,7,7,7,6,6,5,5,5,5,5
maxgoedjen/secretive,20,18,12,8,6,6,5,4,3,3
gka/chroma.js,2,0,0,0,0,0,0,0,0,0
duplicati/duplicati,18,16,4,3,0,0,0,0,0,0
xtermjs/xterm.js,76,65,60,57,56,55,55,55,52,48
xtaci/kcptun,100,99,99,99,99,99,99,99,99,99
apache/skywalking,17,11,10,9,8,7,6,6,5,4
avajs/ava,86,77,65,62,57,51,43,37,31,27
marcosgriselli/ViewAnimator,2,0,0,0,0,0,0,0,0,0
casesandberg/react-color,11,9,9,7,4,3,3,3,2,2
graphql/graphql-js,127,91,78,71,62,55,48,44,44,39
ageitgey/face_recognition,0,0,0,0,0,0,0,0,0,0
Financial-Times/polyfill-service,25,25,23,22,20,17,15,15,15,12
basecamp/trix,41,37,31,25,21,17,15,13,11,10
krausest/js-framework-benchmark,4,2,2,2,0,0,0,0,0,0
bmatzelle/gow,1,1,1,1,1,1,1,1,0,0
weibocom/motan,0,0,0,0,0,0,0,0,0,0
sparkle-project/Sparkle,47,40,37,32,28,28,28,27,24,23
gin-gonic/gin,21,19,13,11,11,10,10,8,8,8
google/j2objc,8,6,4,3,3,2,1,1,1,1
jarun/nnn,20,15,12,12,11,11,11,9,7,7
sindresorhus/np,42,39,20,19,10,10,6,6,5,5
MichaelCade/90DaysOfDevOps,0,0,0,0,0,0,0,0,0,0
flask-admin/flask-admin,0,0,0,0,0,0,0,0,0,0
Automattic/node-canvas,10,6,3,3,2,2,2,2,1,0
marceloprates/prettymaps,1,0,0,0,0,0,0,0,0,0
miniMAC/magic,0,0,0,0,0,0,0,0,0,0
theskumar/python-dotenv,10,8,5,3,3,2,2,2,2,0
dusty-nv/jetson-inference,0,0,0,0,0,0,0,0,0,0
g-truc/glm,31,29,29,27,23,19,18,15,14,13
zylo117/Yet-Another-EfficientDet-Pytorch,0,0,0,0,0,0,0,0,0,0
aseprite/aseprite,26,6,6,6,6,5,5,5,4,4
systemjs/systemjs,177,117,73,50,39,29,22,15,15,14
infinitered/nsfwjs,8,7,7,7,7,7,6,6,6,6
google-deepmind/sonnet,2,1,1,0,0,0,0,0,0,0
tj/n,32,13,9,7,6,4,3,3,3,3
ranaroussi/yfinance,51,29,13,12,8,5,4,4,3,2
futurepress/epub.js,3,1,1,1,1,1,0,0,0,0
bxcodec/go-clean-arch,1,1,1,1,1,1,0,0,0,0
brannondorsey/wifi-cracking,0,0,0,0,0,0,0,0,0,0
trello/RxLifecycle,21,13,6,4,2,1,1,0,0,0
Semantic-Org/Semantic-UI,40,29,27,24,23,19,19,18,16,16
uber/baseweb,379,339,295,257,207,176,149,134,113,92
roots/sage,47,38,29,22,19,16,13,12,10,10
rethinkdb/horizon,1,1,1,1,0,0,0,0,0,0
ivpusic/react-native-image-crop-picker,117,59,32,20,11,5,4,3,3,0
lucidrains/DALLE2-pytorch,0,0,0,0,0,0,0,0,0,0
istio/istio,6,3,0,0,0,0,0,0,0,0
google/clusterfuzz,1,0,0,0,0,0,0,0,0,0
pagekit/pagekit,5,4,3,2,2,1,1,1,1,1
BabylonJS/Babylon.js,148,140,130,124,114,107,99,95,86,81
vanhauser-thc/thc-hydra,0,0,0,0,0,0,0,0,0,0
yanue/V2rayU,6,5,2,1,1,1,1,0,0,0
Kozea/WeasyPrint,64,59,51,47,39,31,29,23,20,18
buger/goreplay,24,21,17,14,12,11,9,8,5,3
onsi/ginkgo,60,53,43,40,33,28,21,18,16,11
yarnpkg/yarn,55,40,37,34,32,30,30,28,28,26
vercel/turbo,235,215,195,177,164,150,141,130,111,108
kickstarter/android-oss,80,74,72,69,69,66,63,60,58,56
google/auto,52,38,25,18,14,10,10,8,8,4
hakimel/reveal.js,28,22,20,19,17,12,11,9,7,6
projectdiscovery/subfinder,33,28,26,21,19,17,13,12,11,8
Qihoo360/RePlugin,11,11,10,8,8,8,7,7,6,5
google-deepmind/alphafold,2,1,1,0,0,0,0,0,0,0
dimsemenov/Magnific-Popup,5,3,1,1,0,0,0,0,0,0
openwrt/openwrt,10,6,4,4,3,3,2,2,2,2
dwmkerr/hacker-laws,0,0,0,0,0,0,0,0,0,0
oblador/react-native-animatable,1,1,1,0,0,0,0,0,0,0
microsoft/vcpkg,40,39,39,39,39,39,38,38,38,38
jakiestfu/Snap.js,0,0,0,0,0,0,0,0,0,0
SergioBenitez/Rocket,1,0,0,0,0,0,0,0,0,0
FaridSafi/react-native-gifted-chat,40,30,24,20,15,8,6,5,4,2
h2o/h2o,68,62,55,49,45,42,38,34,33,31
nylas/nylas-mail,12,5,3,1,1,1,1,0,0,0
GoogleCloudPlatform/terraformer,14,14,13,13,12,12,11,9,8,7
ibireme/YYText,4,2,2,1,0,0,0,0,0,0
jshint/jshint,45,43,37,36,32,31,28,27,27,27
JakeWharton/timber,0,0,0,0,0,0,0,0,0,0
fmfn/BayesianOptimization,4,4,3,2,2,1,1,1,1,1
davecheney/httpstat,1,0,0,0,0,0,0,0,0,0
swagger-api/swagger-codegen,93,82,77,72,67,60,56,48,41,36
apex/up,92,87,77,63,50,42,30,26,23,22
facebookresearch/detectron2,0,0,0,0,0,0,0,0,0,0
expressjs/session,0,0,0,0,0,0,0,0,0,0
twitter/twemoji,7,6,3,2,1,1,1,0,0,0
Shopify/toxiproxy,17,11,9,7,6,6,6,5,4,4
tw93/Pake,5,3,3,2,2,1,1,0,0,0
SnapKit/Masonry,0,0,0,0,0,0,0,0,0,0
sqlitebrowser/sqlitebrowser,24,23,23,22,22,21,20,20,20,20
moby/buildkit,81,67,58,46,37,34,28,24,22,20
unicorn-engine/unicorn,7,6,6,6,6,5,5,5,5,5
facebookresearch/xformers,11,9,9,8,5,4,4,4,3,3
ant-design/ant-design-mobile,205,184,155,139,123,109,89,77,67,65
fengyuanchen/cropperjs,44,17,4,1,0,0,0,0,0,0
okonet/lint-staged,214,208,157,78,37,25,15,15,12,12
bootandy/dust,0,0,0,0,0,0,0,0,0,0
skypjack/entt,3,2,0,0,0,0,0,0,0,0
localstack/localstack,21,20,19,18,18,18,18,18,18,18
joerick/pyinstrument,3,3,3,1,0,0,0,0,0,0
steipete/Aspects,0,0,0,0,0,0,0,0,0,0
FreeRDP/FreeRDP,18,17,13,12,11,9,8,6,6,5
sindresorhus/Gifski,13,8,4,1,0,0,0,0,0,0
thephpleague/oauth2-server,62,28,21,18,12,10,7,5,5,4
libimobiledevice/libimobiledevice,0,0,0,0,0,0,0,0,0,0
tensorflow/serving,54,48,45,41,38,36,34,34,33,30
facebookresearch/fairseq,8,8,5,5,4,4,4,4,4,3
fathyb/carbonyl,2,2,2,2,2,2,2,2,2,2
less/less.js,6,5,5,5,5,4,4,1,1,1
mbdavid/LiteDB,25,16,14,10,7,5,5,4,4,4
quantopian/zipline,0,0,0,0,0,0,0,0,0,0
facebookresearch/AnimatedDrawings,0,0,0,0,0,0,0,0,0,0
google/accompanist,96,85,78,64,54,48,40,34,30,26
Homebrew/brew,331,319,315,307,299,286,284,273,260,248
expressjs/morgan,0,0,0,0,0,0,0,0,0,0
SubtitleEdit/subtitleedit,21,19,19,19,3,2,0,0,0,0
kubernetes/kubernetes,87,85,59,44,38,34,29,26,24,23
be5invis/Sarasa-Gothic,0,0,0,0,0,0,0,0,0,0
JessYanCoding/MVPArms,9,0,0,0,0,0,0,0,0,0
stanfordnlp/stanza,18,18,18,17,16,16,14,12,10,10
lucidrains/vit-pytorch,0,0,0,0,0,0,0,0,0,0
squizlabs/PHP_CodeSniffer,85,83,79,74,67,65,60,56,52,47
malcommac/SwiftDate,41,30,24,21,16,14,10,6,6,3
VirusTotal/yara,25,22,17,12,9,8,7,6,6,5
SamyPesse/How-to-Make-a-Computer-Operating-System,0,0,0,0,0,0,0,0,0,0
Mango/slideout,5,4,2,1,1,1,1,1,1,1
davemorrissey/subsampling-scale-image-view,15,13,9,8,2,2,2,1,1,1
garris/BackstopJS,21,9,7,5,2,1,0,0,0,0
primer/css,146,141,135,104,96,90,70,63,60,37
symfony/css-selector,12,1,1,1,1,1,1,1,1,1
segmentio/evergreen,189,136,93,78,58,52,41,38,34,30
jackocnr/intl-tel-input,3,2,0,0,0,0,0,0,0,0
git-ftp/git-ftp,0,0,0,0,0,0,0,0,0,0
RetroPie/RetroPie-Setup,1,0,0,0,0,0,0,0,0,0
nate-parrott/Flashlight,0,0,0,0,0,0,0,0,0,0
jacomyal/sigma.js,5,5,3,3,2,2,2,1,1,1
JakubOnderka/PHP-Console-Color,1,1,1,0,0,0,0,0,0,0
deployphp/deployer,46,37,34,28,26,23,19,17,16,13
BishopFox/sliver,70,70,69,60,58,57,53,53,51,48
CreateJS/EaselJS,0,0,0,0,0,0,0,0,0,0
mikebrady/shairport-sync,14,4,2,2,2,2,2,0,0,0
phpspec/prophecy,1,0,0,0,0,0,0,0,0,0
CanCanCommunity/cancancan,0,0,0,0,0,0,0,0,0,0
dotnet/tye,11,10,9,8,8,8,8,8,7,7
oracle/graal,5,0,0,0,0,0,0,0,0,0
ggerganov/kbd-audio,0,0,0,0,0,0,0,0,0,0
Byron/gitoxide,1271,1135,983,801,658,589,493,442,386,344
romkatv/powerlevel10k,14,9,2,1,0,0,0,0,0,0
Polymer/polymer,106,105,99,96,93,91,90,88,86,83
niklasvh/html2canvas,17,14,12,10,8,6,6,6,6,6
github/markup,18,7,3,2,2,1,0,0,0,0
jdan/98.css,2,1,1,1,0,0,0,0,0,0
soimort/translate-shell,9,9,8,2,1,1,1,1,0,0
openshift/origin,52,47,47,47,47,46,38,37,35,35
ElemeFE/mint-ui,3,3,3,2,2,1,0,0,0,0
nukeop/nuclear,1,1,1,1,1,1,1,1,1,1
openzipkin/zipkin,51,43,34,27,21,20,17,16,13,12
facebook/redex,0,0,0,0,0,0,0,0,0,0
cazala/synaptic,8,3,1,0,0,0,0,0,0,0
drakkan/sftpgo,9,3,0,0,0,0,0,0,0,0
traefik/yaegi,62,55,51,49,45,39,34,30,24,21
mahmoud/boltons,11,0,0,0,0,0,0,0,0,0
AutoMapper/AutoMapper,38,35,33,32,30,30,29,27,26,26
pinterest/ktlint,78,44,40,36,31,25,22,21,20,20
mcollina/autocannon,88,39,28,19,13,10,9,8,5,3
lucidrains/PaLM-rlhf-pytorch,0,0,0,0,0,0,0,0,0,0
notepad-plus-plus/notepad-plus-plus,42,42,42,42,26,26,26,26,21,21
sockjs/sockjs-client,14,8,5,4,4,3,2,1,0,0
shirou/gopsutil,13,13,13,11,10,8,8,6,5,4
rui314/mold,28,21,18,18,17,16,13,12,11,8
Dman95/SASM,31,31,31,31,0,0,0,0,0,0
uNetworking/uWebSockets.js,1,1,1,0,0,0,0,0,0,0
ant-design/ant-design-landing,3,2,1,0,0,0,0,0,0,0
hexojs/hexo,98,80,67,53,41,37,31,28,24,23
Automattic/wp-calypso,16,16,9,6,4,2,0,0,0,0
yarnpkg/berry,4,4,0,0,0,0,0,0,0,0
StevenBlack/hosts,580,378,321,257,182,136,105,72,55,44
moxiecode/plupload,0,0,0,0,0,0,0,0,0,0
App-vNext/Polly,13,13,13,13,11,11,11,11,11,10
bumptech/glide,37,35,31,30,27,25,25,24,22,22
JamesNK/Newtonsoft.Json,1,1,0,0,0,0,0,0,0,0
dstotijn/hetty,12,9,9,9,9,9,8,8,8,8
twpayne/chezmoi,177,164,150,137,123,118,108,97,86,81
elastic/elasticsearch-js,30,21,17,15,15,13,8,6,3,1
ideawu/ssdb,0,0,0,0,0,0,0,0,0,0
microsoft/reverse-proxy,16,12,11,10,8,5,5,4,4,4
Swinject/Swinject,29,20,16,13,9,6,6,5,5,4
tastejs/todomvc,0,0,0,0,0,0,0,0,0,0
nicklockwood/SwiftFormat,0,0,0,0,0,0,0,0,0,0
kyleneideck/BackgroundMusic,18,4,1,1,1,1,1,1,1,1
expressjs/body-parser,0,0,0,0,0,0,0,0,0,0
dwarvesf/hidden,2,2,2,2,1,1,1,1,0,0
HubSpot/offline,0,0,0,0,0,0,0,0,0,0
jhy/jsoup,2,2,2,2,2,2,2,2,2,2
robolectric/robolectric,41,35,30,29,26,23,21,18,18,18
Uberi/speech_recognition,3,2,1,0,0,0,0,0,0,0
CopyTranslator/CopyTranslator,26,21,19,17,9,6,5,5,5,5
mozilla/geckodriver,18,5,2,1,0,0,0,0,0,0
akveo/eva-icons,0,0,0,0,0,0,0,0,0,0
docker/docker-py,30,8,7,7,5,5,5,4,4,4
deepstreamIO/deepstream.io,25,15,7,3,2,2,2,2,1,1
scenee/FloatingPanel,44,30,23,13,8,8,5,5,3,3
handsontable/handsontable,179,156,138,124,113,100,87,80,73,68
lampepfl/dotty,80,75,72,64,59,56,53,48,46,44
thu-ml/tianshou,23,22,22,21,20,18,18,15,12,11
iissnan/hexo-theme-next,9,9,9,8,8,8,8,7,7,7
jaredpalmer/razzle,207,140,95,79,48,43,37,35,19,16
spyder-ide/spyder,11,10,9,6,6,5,4,4,4,4
Netflix/conductor,73,58,52,43,33,26,23,21,21,14
telegramdesktop/tdesktop,1,0,0,0,0,0,0,0,0,0
googlesamples/easypermissions,9,6,2,2,1,0,0,0,0,0
microsoft/windows-rs,29,28,25,22,22,21,18,17,17,17
encode/django-rest-framework,12,7,7,6,6,5,5,4,4,4
harvesthq/chosen,33,28,24,19,19,14,10,8,8,7
hashicorp/packer,12,11,11,11,11,9,8,7,6,5
electerious/Lychee,27,22,16,12,10,8,6,3,1,1
tc39/ecma262,7,5,4,3,2,2,2,2,2,2
drivendata/cookiecutter-data-science,1,0,0,0,0,0,0,0,0,0
vuejs/vue,170,142,120,109,94,86,75,60,55,46
jaredreich/pell,0,0,0,0,0,0,0,0,0,0
reactjs/react-modal,1,1,1,1,1,1,1,1,0,0
zalmoxisus/redux-devtools-extension,51,40,29,23,17,12,10,5,3,2
hibiken/asynq,6,0,0,0,0,0,0,0,0,0
kataras/iris,9,6,4,4,2,2,2,2,2,2
codecentric/spring-boot-admin,75,73,69,66,63,62,59,55,54,50
camsong/You-Dont-Need-jQuery,0,0,0,0,0,0,0,0,0,0
lucidrains/denoising-diffusion-pytorch,0,0,0,0,0,0,0,0,0,0
confluentinc/librdkafka,42,37,36,32,28,26,23,23,20,19
spatie/laravel-permission,59,27,18,13,11,9,6,4,3,2
gajus/react-css-modules,21,21,18,3,2,1,1,0,0,0
pacocoursey/cmdk,4,3,3,2,2,2,2,2,2,2
clappr/clappr,25,13,12,9,7,6,5,5,3,2
vapor/vapor,212,82,31,18,15,10,6,5,4,3
lukemelas/EfficientNet-PyTorch,0,0,0,0,0,0,0,0,0,0
scrapinghub/portia,0,0,0,0,0,0,0,0,0,0
panjf2000/gnet,9,9,9,9,9,9,9,9,9,9
JosefNemec/Playnite,47,41,36,32,29,24,20,15,13,10
alshedivat/al-folio,15,15,15,12,12,12,11,10,9,7
microsoft/WSL,18,13,8,5,2,1,0,0,0,0
jasonmayes/Real-Time-Person-Removal,0,0,0,0,0,0,0,0,0,0
macvim-dev/macvim,26,23,22,20,19,18,16,14,14,14
google/zx,30,23,17,9,4,1,1,1,1,1
chartjs/Chart.js,87,81,76,73,72,69,64,62,59,58
Sanster/lama-cleaner,34,30,30,30,20,18,17,17,16,15
daltoniam/Starscream,0,0,0,0,0,0,0,0,0,0
microsoft/LightGBM,16,16,16,15,13,13,13,13,13,13
nasa/openmct,33,32,31,30,29,29,28,27,25,25
restic/restic,37,37,36,35,35,35,35,35,35,35
yandex/gixy,6,2,2,1,0,0,0,0,0,0
JessYanCoding/AndroidAutoSize,4,2,1,1,0,0,0,0,0,0
bloc97/Anime4K,6,4,3,2,2,2,0,0,0,0
flot/flot,5,5,5,4,4,4,4,4,4,4
go-sql-driver/mysql,4,3,3,3,3,3,3,3,3,0
timolins/react-hot-toast,12,11,11,11,11,10,10,8,7,7
es-shims/es5-shim,37,13,9,7,5,4,2,1,1,1
jdorn/json-editor,0,0,0,0,0,0,0,0,0,0
yuin/gopher-lua,1,0,0,0,0,0,0,0,0,0
ReactiveX/RxKotlin,5,2,2,1,1,1,0,0,0,0
yahoo/CMAK,3,2,2,2,2,0,0,0,0,0
real-logic/aeron,58,36,28,20,14,11,9,4,4,1
verekia/js-stack-from-scratch,0,0,0,0,0,0,0,0,0,0
metabase/metabase,298,262,252,235,221,206,198,191,180,166
valeriansaliou/sonic,17,12,9,5,2,1,1,0,0,0
pyinstaller/pyinstaller,9,8,8,7,7,7,7,7,7,6
google/glog,8,8,8,8,8,8,8,8,7,7
samber/lo,1,0,0,0,0,0,0,0,0,0
apple/turicreate,25,19,19,16,16,16,15,14,14,14
dotansimha/graphql-yoga,319,235,140,99,81,74,67,62,59,53
palantir/blueprint,90,66,57,46,44,40,39,38,36,35
evanw/esbuild,258,207,152,97,60,35,24,15,11,10
jedisct1/dsvpn,0,0,0,0,0,0,0,0,0,0
thoughtbot/laptop,2,2,2,2,0,0,0,0,0,0
daimajia/AndroidImageSlider,0,0,0,0,0,0,0,0,0,0
Clipy/Clipy,9,7,5,5,5,5,5,4,3,2
jonls/redshift,2,2,2,2,2,1,0,0,0,0
firebase/flutterfire,0,0,0,0,0,0,0,0,0,0
ustbhuangyi/better-scroll,26,12,7,1,1,1,0,0,0,0
ogham/exa,10,10,10,10,10,10,10,10,10,10
aFarkas/lazysizes,2,1,0,0,0,0,0,0,0,0
microsoft/terminal,93,85,84,80,78,76,74,69,65,64
syntaxhighlighter/syntaxhighlighter,1,1,1,1,0,0,0,0,0,0
oblador/react-native-vector-icons,2,2,2,2,2,2,1,1,1,1
yairm210/Unciv,2,0,0,0,0,0,0,0,0,0
symfony/routing,51,9,5,5,3,2,1,1,1,1
qgis/QGIS,0,0,0,0,0,0,0,0,0,0
CodeSeven/toastr,0,0,0,0,0,0,0,0,0,0
Kong/insomnia,20,10,10,9,7,6,5,4,4,3
adobe/react-spectrum,0,0,0,0,0,0,0,0,0,0
confluentinc/ksql,1,1,1,1,1,1,1,1,1,1
UKPLab/sentence-transformers,5,2,1,1,1,1,1,0,0,0
cookiecutter/cookiecutter-django,314,183,131,76,52,41,29,17,15,12
tj/commander.js,59,50,43,31,24,18,15,15,12,10
rougier/numpy-100,0,0,0,0,0,0,0,0,0,0
NanoHttpd/nanohttpd,0,0,0,0,0,0,0,0,0,0
socketio/socket.io,48,46,40,36,27,23,19,15,11,10
laravel/tinker,18,5,1,1,1,1,1,1,1,1
meienberger/runtipi,33,28,21,20,16,15,14,11,9,8
uikit/uikit,0,0,0,0,0,0,0,0,0,0
paperjs/paper.js,18,12,11,11,10,10,8,7,7,6
donnemartin/saws,7,5,4,3,2,1,1,1,1,1
pytorch/pytorch,39,36,32,31,31,30,29,29,28,28
major/MySQLTuner-perl,4,4,4,4,4,4,4,4,4,4
benfred/py-spy,8,7,6,5,3,2,0,0,0,0
asciinema/asciinema,2,1,1,0,0,0,0,0,0,0
microsoft/LoRA,0,0,0,0,0,0,0,0,0,0
JedWatson/react-select,53,52,51,22,22,22,20,16,16,15
localForage/localForage,16,7,4,2,2,2,1,1,1,0
paulmillr/chokidar,3,1,1,1,1,1,1,1,1,1
fsnotify/fsnotify,24,9,8,8,7,5,5,4,3,3
SeleniumHQ/docker-selenium,222,208,181,170,157,147,135,132,128,125
mozilla/nunjucks,26,20,17,13,11,11,9,6,4,3
evilsocket/pwnagotchi,13,11,11,11,11,10,10,10,10,10
mailpile/Mailpile,0,0,0,0,0,0,0,0,0,0
sharkdp/hexyl,13,12,11,8,5,3,2,2,2,2
lostisland/faraday,67,44,32,30,28,27,19,17,12,11
apache/thrift,1,0,0,0,0,0,0,0,0,0
tgalal/yowsup,1,1,1,0,0,0,0,0,0,0
facebook/yoga,8,8,7,6,6,6,6,5,5,5
pytorch/vision,27,24,23,19,17,17,17,16,16,16
gaearon/react-hot-loader,117,92,68,55,44,37,26,24,19,13
cmusatyalab/openface,1,0,0,0,0,0,0,0,0,0
stubbornella/oocss,0,0,0,0,0,0,0,0,0,0
vercel/styled-jsx,103,71,52,16,9,7,5,5,5,2
google/guetzli,4,3,2,2,0,0,0,0,0,0
phpredis/phpredis,1,1,1,1,0,0,0,0,0,0
syl20bnr/spacemacs,68,44,34,28,23,18,15,13,13,12
mqttjs/MQTT.js,110,51,36,27,22,20,17,12,11,10
direnv/direnv,35,28,23,16,13,9,9,9,9,8
pre-commit/pre-commit,101,88,60,54,46,35,30,27,24,21
ntop/n2n,0,0,0,0,0,0,0,0,0,0
ionic-team/ionic-framework,735,734,663,643,620,607,543,533,510,492
pallets/jinja,5,1,1,1,1,1,1,1,1,1
kivy/kivy,7,6,6,6,6,6,5,5,5,5
Genymobile/gnirehtet,9,8,6,4,1,1,1,1,1,1
jantimon/html-webpack-plugin,1,1,0,0,0,0,0,0,0,0
dompdf/dompdf,4,1,1,1,1,1,1,1,1,1
socketio/socket.io-client,45,42,31,26,20,19,14,11,8,7
elastic/eui,191,165,148,127,108,98,89,77,67,53
Sigil-Ebook/Sigil,10,5,3,1,1,1,1,1,1,1
ReactiveX/RxSwift,32,22,14,8,5,3,3,2,2,2
charliermarsh/ruff,238,228,201,180,154,136,119,107,92,85
addyosmani/critical,58,51,36,29,25,15,15,13,13,11
mozilla/TTS,0,0,0,0,0,0,0,0,0,0
lucidrains/imagen-pytorch,0,0,0,0,0,0,0,0,0,0
orhanobut/logger,1,1,1,1,0,0,0,0,0,0
MichMich/MagicMirror,31,25,20,15,13,13,11,8,6,6
octalmage/robotjs,26,17,10,3,1,1,1,1,0,0
facebook/pyre-check,1,0,0,0,0,0,0,0,0,0
huggingface/peft,4,4,4,4,4,4,4,4,4,4
kovidgoyal/calibre,0,0,0,0,0,0,0,0,0,0
webpack/webpack,88,24,19,18,16,15,15,14,14,14
arachnys/cabot,0,0,0,0,0,0,0,0,0,0
nasa/fprime,8,8,8,7,6,6,6,6,6,6
fabiospampinato/cash,6,3,2,2,2,1,1,1,1,0
ericchiang/pup,2,1,0,0,0,0,0,0,0,0
mac-cain13/R.swift,4,1,1,0,0,0,0,0,0,0
codelucas/newspaper,0,0,0,0,0,0,0,0,0,0
dail8859/NotepadNext,0,0,0,0,0,0,0,0,0,0
bcicen/ctop,1,0,0,0,0,0,0,0,0,0
redis/hiredis,3,3,3,3,3,2,2,2,2,2
ianyh/Amethyst,53,50,43,35,29,23,18,18,16,16
seemoo-lab/openhaystack,0,0,0,0,0,0,0,0,0,0
mobxjs/mobx-state-tree,20,12,8,7,5,5,5,4,4,4
kif-framework/KIF,15,11,8,6,3,2,1,1,1,1
httpie/http-prompt,14,12,8,6,4,2,1,1,1,1
iampawan/Flutter-UI-Kit,0,0,0,0,0,0,0,0,0,0
libgdx/libgdx,0,0,0,0,0,0,0,0,0,0
cs01/gdbgui,3,1,1,1,1,1,0,0,0,0
lokesh/color-thief,6,2,2,2,2,1,1,1,1,0
boto/boto3,10,9,6,5,1,1,1,1,0,0
uutils/coreutils,10,10,10,10,10,10,10,10,10,10
jenssegers/laravel-mongodb,39,23,11,7,6,5,5,5,4,4
karma-runner/karma,153,153,132,104,82,75,64,55,52,48
keystonejs/keystone-classic,13,11,11,10,10,10,10,9,9,9
1adrianb/face-alignment,3,2,1,1,1,0,0,0,0,0
google/libphonenumber,5,1,1,1,1,0,0,0,0,0
graphql/graphiql,624,611,488,322,261,206,149,119,103,78
zeromq/libzmq,12,11,11,10,10,10,9,8,8,7
phiresky/ripgrep-all,2,1,0,0,0,0,0,0,0,0
amark/gun,1,1,1,1,1,0,0,0,0,0
sebastianruder/NLP-progress,3,3,3,3,3,3,3,2,2,2
sindresorhus/query-string,42,34,10,9,2,1,0,0,0,0
joeldev/JLRoutes,4,2,0,0,0,0,0,0,0,0
ant-design/ant-design-pro,17,13,13,12,12,12,12,11,10,8
microsoft/GSL,4,2,2,2,2,2,1,1,1,1
coturn/coturn,27,2,0,0,0,0,0,0,0,0
hyperium/hyper,161,160,133,124,107,93,82,74,66,57
SpiderLabs/ModSecurity,20,18,18,18,18,18,18,18,17,17
drapergem/draper,0,0,0,0,0,0,0,0,0,0
huggingface/text-generation-inference,10,10,8,7,5,5,4,4,4,4
mishoo/UglifyJS,30,30,30,29,28,26,26,25,24,22
labstack/echo,58,47,39,32,30,26,22,18,18,13
tiangolo/full-stack-fastapi-postgresql,6,3,2,2,2,2,2,1,1,1
FiloSottile/age,5,4,4,4,3,3,3,0,0,0
TTTAttributedLabel/TTTAttributedLabel,2,2,2,2,1,0,0,0,0,0
davidmerfield/randomColor,7,1,0,0,0,0,0,0,0,0
google/material-design-lite,12,12,12,11,11,10,7,7,7,4
networkx/networkx,6,6,6,6,6,6,6,6,6,6
bigbluebutton/bigbluebutton,202,189,177,164,152,148,145,140,133,132
symless/synergy-core,89,79,73,69,68,64,59,51,44,41
guard/guard,103,58,34,26,20,18,15,9,6,3
infinitered/ignite,187,180,170,75,54,51,32,24,19,12
WongKinYiu/yolov7,0,0,0,0,0,0,0,0,0,0
dmlc/gluon-cv,8,8,8,8,6,6,6,5,4,4
Yelp/elastalert,0,0,0,0,0,0,0,0,0,0
sdelements/lets-chat,0,0,0,0,0,0,0,0,0,0
Countly/countly-server,16,9,8,7,7,6,5,2,2,2
artilleryio/artillery,32,22,14,7,5,4,3,2,2,1
antonioru/beautiful-react-hooks,0,0,0,0,0,0,0,0,0,0
janl/mustache.js,9,6,5,4,3,3,3,3,2,2
kenwheeler/slick,3,3,3,3,2,2,2,2,2,2
gorilla/websocket,6,6,6,6,6,5,5,5,5,4
vueuse/vueuse,239,235,193,162,151,140,119,113,100,83
sindresorhus/type-fest,113,106,54,45,25,24,16,13,6,6
infinitered/reactotron,97,87,44,36,28,24,17,13,11,9
google/latexify_py,0,0,0,0,0,0,0,0,0,0
dotnet/wpf,0,0,0,0,0,0,0,0,0,0
joewalnes/websocketd,2,2,2,2,2,1,1,0,0,0
egulias/EmailValidator,46,21,13,7,5,4,4,4,4,4
raulriera/TextFieldEffects,0,0,0,0,0,0,0,0,0,0
binux/pyspider,1,0,0,0,0,0,0,0,0,0
alexfoxy/lax.js,2,1,1,0,0,0,0,0,0,0
maurosoria/dirsearch,1,0,0,0,0,0,0,0,0,0
utom/sketch-measure,1,0,0,0,0,0,0,0,0,0
vercel/pkg,38,31,26,23,21,18,18,16,14,11
alicevision/Meshroom,5,4,3,3,3,3,2,2,2,1
webdriverio/webdriverio,330,260,184,135,94,70,50,35,27,18
XAMPPRocky/tokei,3,2,2,2,1,1,1,1,1,1
Ramotion/animated-tab-bar,0,0,0,0,0,0,0,0,0,0
leecade/react-native-swiper,12,7,4,2,1,1,1,1,1,1
daybrush/moveable,118,93,76,72,64,60,58,55,49,44
greenrobot/greenDAO,1,1,1,1,1,1,1,1,1,1
alievk/avatarify-python,0,0,0,0,0,0,0,0,0,0
tonymillion/Reachability,0,0,0,0,0,0,0,0,0,0
vladikoff/chromeos-apk,0,0,0,0,0,0,0,0,0,0
MrS0m30n3/youtube-dl-gui,1,1,1,1,0,0,0,0,0,0
pubkey/rxdb,171,113,79,67,36,23,5,5,2,0
facebook/watchman,0,0,0,0,0,0,0,0,0,0
kanyun-inc/YTKNetwork,6,2,0,0,0,0,0,0,0,0
aceld/zinx,0,0,0,0,0,0,0,0,0,0
tqdm/tqdm,100,90,77,64,51,40,36,24,18,11
FiloSottile/mkcert,6,5,4,3,2,2,1,0,0,0
astrit/css.gg,2,1,1,1,1,1,1,1,0,0
walkor/workerman,30,17,10,8,7,7,4,4,4,3
tinode/chat,49,43,39,37,33,26,24,22,20,18
thoughtbot/bourbon,13,7,3,3,3,1,1,1,1,1
graphql/graphql-spec,5,4,4,4,4,4,4,4,4,4
i18next/i18next,75,6,2,1,1,1,0,0,0,0
DLR-RM/stable-baselines3,8,4,1,0,0,0,0,0,0,0
jpush/aurora-imui,21,9,7,3,1,1,0,0,0,0
mapbox/pixelmatch,5,1,1,1,0,0,0,0,0,0
Eugeny/tabby,39,30,22,19,16,14,12,10,8,8
rofl0r/proxychains-ng,0,0,0,0,0,0,0,0,0,0
Ryochan7/DS4Windows,3,0,0,0,0,0,0,0,0,0
icsharpcode/ILSpy,52,47,44,38,34,33,29,28,25,23
square/picasso,0,0,0,0,0,0,0,0,0,0
Konloch/bytecode-viewer,4,3,2,1,1,1,0,0,0,0
hapijs/hapi,4,1,1,1,1,1,0,0,0,0
IdreesInc/Monocraft,9,7,4,4,2,2,2,1,1,1
sparksuite/simplemde-markdown-editor,3,1,1,1,1,1,1,1,1,1
ziglang/zig,0,0,0,0,0,0,0,0,0,0
openai/tiktoken,0,0,0,0,0,0,0,0,0,0
KhronosGroup/glTF,0,0,0,0,0,0,0,0,0,0
microsoft/WinObjC,23,17,13,10,6,4,4,4,3,3
JetBrains/JetBrainsMono,14,12,12,11,11,11,9,8,8,8
thoughtbot/factory_bot,1,0,0,0,0,0,0,0,0,0
google/leveldb,14,12,10,7,4,4,3,2,2,1
vercel/swr,108,97,88,81,69,63,54,44,36,32
tporadowski/redis,6,2,1,0,0,0,0,0,0,0
flutter/gallery,4,4,3,3,3,3,3,3,3,3
grpc/grpc-java,122,96,78,70,58,53,47,42,40,39
contribsys/faktory,27,15,7,0,0,0,0,0,0,0
shwenzhang/AndResGuard,1,0,0,0,0,0,0,0,0,0
fullcalendar/fullcalendar,88,76,59,55,42,38,33,29,25,22
CISOfy/lynis,0,0,0,0,0,0,0,0,0,0
facebook/litho,20,16,14,11,10,9,9,9,8,8
mapbox/mapbox-gl-js,148,118,104,89,84,81,77,72,69,60
symfony/http-kernel,143,95,49,23,16,13,11,10,9,8
QingdaoU/OnlineJudge,2,1,1,1,0,0,0,0,0,0
binwiederhier/ntfy,80,66,54,49,43,34,26,20,15,13
vim-airline/vim-airline,3,2,2,2,2,2,1,0,0,0
yabwe/medium-editor,14,13,10,8,6,4,3,1,1,0
dmlc/xgboost,46,35,31,27,26,24,23,19,17,15
fish-shell/fish-shell,38,34,33,33,32,31,31,30,28,28
txthinking/brook,9,5,1,1,0,0,0,0,0,0
thoughtbot/dotfiles,2,2,1,0,0,0,0,0,0,0
lodash/lodash,2,1,1,1,1,1,1,1,1,1
purifycss/purifycss,0,0,0,0,0,0,0,0,0,0
marmelab/gremlins.js,0,0,0,0,0,0,0,0,0,0
ChrisRM/material-theme-jetbrains,4,3,2,2,2,2,2,1,0,0
bartobri/no-more-secrets,0,0,0,0,0,0,0,0,0,0
MacPass/MacPass,15,10,9,7,6,5,5,5,5,5
ReactiveX/RxJava,213,179,159,139,127,109,103,92,84,69
reek/anti-adblock-killer,0,0,0,0,0,0,0,0,0,0
microsoft/pyright,20,7,4,1,1,1,0,0,0,0
benawad/dogehouse,0,0,0,0,0,0,0,0,0,0
colinhacks/zod,50,42,38,35,32,28,27,24,20,19
NVIDIA/Megatron-LM,0,0,0,0,0,0,0,0,0,0
haltu/muuri,13,5,1,0,0,0,0,0,0,0
monero-project/monero,13,12,11,11,10,9,8,7,7,6
hmemcpy/milewski-ctfp-pdf,5,4,4,1,1,1,0,0,0,0
facebook/create-react-app,77,69,63,58,53,49,46,46,42,40
spacejam/sled,11,6,5,3,3,2,2,2,1,1
andreamazz/AMScrollingNavbar,27,3,1,0,0,0,0,0,0,0
golang/tools,49,35,26,23,18,16,16,14,13,11
dylang/npm-check,1,1,1,1,1,0,0,0,0,0
paragonie/random_compat,10,3,2,0,0,0,0,0,0,0
easymotion/vim-easymotion,2,2,0,0,0,0,0,0,0,0
kubernetes/minikube,89,84,79,70,69,60,59,54,51,48
mitmproxy/mitmproxy,4,3,3,2,2,2,2,1,1,1
reorx/httpstat,2,1,1,0,0,0,0,0,0,0
ashleymills/Reachability.swift,0,0,0,0,0,0,0,0,0,0
ahmetb/kubectx,11,6,4,4,3,2,1,0,0,0
mapstruct/mapstruct,24,23,23,22,20,19,19,15,14,13
google/python-fire,6,4,3,3,1,1,1,1,1,1
numba/numba,1,1,1,1,0,0,0,0,0,0
clauderic/dnd-kit,88,88,82,52,47,34,25,22,21,15
spf13/viper,10,10,8,8,7,7,7,7,7,6
bitcoin/bitcoin,0,0,0,0,0,0,0,0,0,0
mrmrs/colors,2,2,2,2,0,0,0,0,0,0
feathersjs/feathers,72,71,70,61,61,59,50,48,46,39
ElemeFE/v-charts,11,5,4,3,1,1,1,1,0,0
akveo/kittenTricks,4,0,0,0,0,0,0,0,0,0
restify/node-restify,12,8,6,6,3,3,3,3,3,3
ds300/patch-package,21,16,14,13,7,6,5,4,3,2
pallets/click,3,0,0,0,0,0,0,0,0,0
htr-tech/zphisher,1,0,0,0,0,0,0,0,0,0
kaorun343/vue-property-decorator,5,2,2,1,0,0,0,0,0,0
hibernate/hibernate-orm,0,0,0,0,0,0,0,0,0,0
tobiasahlin/SpinKit,7,6,1,1,1,1,0,0,0,0
microsoft/SandDance,0,0,0,0,0,0,0,0,0,0
wolfpld/tracy,11,11,11,10,10,10,6,6,6,5
Haneke/HanekeSwift,1,1,1,1,1,1,1,1,0,0
SirVer/ultisnips,0,0,0,0,0,0,0,0,0,0
pagekit/vue-resource,23,14,5,3,3,1,1,0,0,0
microsoft/napajs,3,0,0,0,0,0,0,0,0,0
zenorocha/clipboard.js,21,11,3,1,1,0,0,0,0,0
openai/gym,6,6,3,2,1,1,0,0,0,0
google/blockly,60,35,26,22,22,21,20,20,20,20
pentaho/pentaho-kettle,0,0,0,0,0,0,0,0,0,0
Famous/famous,0,0,0,0,0,0,0,0,0,0
adamwdraper/Numeral-js,0,0,0,0,0,0,0,0,0,0
Yalantis/Side-Menu.Android,0,0,0,0,0,0,0,0,0,0
ionic-team/stencil,116,116,110,97,86,85,64,59,56,49
apache/brpc,7,7,7,7,7,7,7,7,7,7
GoogleCloudPlatform/microservices-demo,21,19,19,18,17,17,15,14,12,10
picturepan2/spectre,14,11,11,8,6,4,1,1,1,0
harelba/q,5,2,2,2,2,2,2,2,1,1
krisk/Fuse,23,21,16,6,6,1,1,0,0,0
rastapasta/mapscii,5,2,0,0,0,0,0,0,0,0
99designs/gqlgen,72,65,59,54,48,40,36,32,30,26
akiran/react-slick,7,3,2,1,0,0,0,0,0,0
ruby-concurrency/concurrent-ruby,13,8,6,4,4,4,4,4,4,3
ggerganov/whisper.cpp,7,7,5,5,5,3,3,3,3,3
nlohmann/json,35,34,34,31,31,30,27,27,26,25
overleaf/overleaf,0,0,0,0,0,0,0,0,0,0
danialfarid/ng-file-upload,157,62,36,25,20,15,12,10,6,6
OnsenUI/OnsenUI,33,19,17,13,10,6,6,4,4,4
appleboy/gorush,28,26,24,23,18,17,15,14,12,11
Maximus5/ConEmu,5,0,0,0,0,0,0,0,0,0
aksakalli/gtop,0,0,0,0,0,0,0,0,0,0
greatscottgadgets/hackrf,0,0,0,0,0,0,0,0,0,0
google/gops,18,13,9,6,6,5,5,4,3,3
jaredpalmer/formik,155,130,106,77,66,61,51,45,42,38
jesseduffield/lazydocker,34,27,24,24,23,20,20,18,15,13
XVimProject/XVim,0,0,0,0,0,0,0,0,0,0
chrisjenx/Calligraphy,2,1,0,0,0,0,0,0,0,0
Tonejs/Tone.js,2,2,1,1,1,1,1,1,1,1
browserify/browserify,12,7,3,2,2,0,0,0,0,0
spf13/cobra,15,11,8,8,8,7,6,6,6,5
gildas-lormeau/SingleFile,2,1,1,1,1,1,1,0,0,0
huggingface/tokenizers,57,39,37,33,26,22,20,18,18,17
joke2k/faker,0,0,0,0,0,0,0,0,0,0
django-oscar/django-oscar,1,1,1,1,1,1,1,1,1,1
pypa/pipenv,81,73,62,55,48,42,36,35,31,28
ptomasroos/react-native-scrollable-tab-view,1,0,0,0,0,0,0,0,0,0
coteditor/CotEditor,1,0,0,0,0,0,0,0,0,0
share/sharedb,67,24,11,6,4,2,2,2,1,1
Unity-Technologies/ml-agents,35,34,30,28,26,22,20,18,15,15
aws/aws-sam-cli,178,174,168,164,157,152,140,134,131,122
airbnb/knowledge-repo,9,8,7,5,4,3,2,2,2,2
mps-youtube/yewtube,18,14,12,9,8,7,6,6,5,5
yhirose/cpp-httplib,33,21,15,7,3,1,1,1,0,0
davisking/dlib,0,0,0,0,0,0,0,0,0,0
luin/medis,4,4,4,3,3,2,2,2,2,2
YiiGuxing/TranslationPlugin,4,3,3,2,0,0,0,0,0,0
agalwood/Motrix,17,13,12,11,8,8,7,7,7,7
PyGithub/PyGithub,42,39,36,36,32,32,29,29,26,26
ipkn/crow,0,0,0,0,0,0,0,0,0,0
morhetz/gruvbox,1,1,0,0,0,0,0,0,0,0
hilongjw/vue-lazyload,11,5,1,1,0,0,0,0,0,0
mawww/kakoune,0,0,0,0,0,0,0,0,0,0
microsoft/unilm,1,0,0,0,0,0,0,0,0,0
cookiecutter/cookiecutter,24,23,20,19,18,17,15,15,13,13
zo0r/react-native-push-notification,32,18,11,9,8,6,3,3,3,2
http-party/node-http-proxy,1,0,0,0,0,0,0,0,0,0
zulip/zulip,4,0,0,0,0,0,0,0,0,0
jonobr1/two.js,0,0,0,0,0,0,0,0,0,0
egoist/tsup,174,173,98,40,31,21,14,11,10,9
redis/ioredis,145,143,128,62,39,31,20,15,12,10
chriskiehl/Gooey,1,1,1,1,1,1,1,1,0,0
bitwiseshiftleft/sjcl,1,1,1,0,0,0,0,0,0,0
reactide/reactide,0,0,0,0,0,0,0,0,0,0
guzzle/promises,0,0,0,0,0,0,0,0,0,0
jnunemaker/httparty,0,0,0,0,0,0,0,0,0,0
aws/aws-sdk-go,313,112,62,38,20,10,6,4,1,1
wix/Detox,231,131,63,32,24,14,8,5,4,2
NVIDIA/NeMo,28,25,25,24,24,20,20,20,20,20
php-pm/php-pm,14,11,8,6,2,1,1,1,0,0
angular/protractor,1,0,0,0,0,0,0,0,0,0
bytedeco/javacv,10,10,10,9,8,7,5,4,2,2
Blankj/AndroidUtilCode,2,0,0,0,0,0,0,0,0,0
Mantle/Mantle,19,6,5,5,3,2,1,1,1,1
clsid2/mpc-hc,2,1,1,1,1,1,1,1,0,0
mongodb/mongo-go-driver,22,13,8,5,3,3,3,0,0,0
lingochamp/FileDownloader,52,32,22,15,13,8,7,4,1,0
laravel/laravel,140,102,67,51,37,33,27,20,18,13
google/ExoPlayer,24,24,23,21,20,20,18,17,15,12
angular/angular,241,241,239,234,203,202,196,196,171,164
RaRe-Technologies/gensim,40,40,40,40,40,36,35,34,31,31
peco/peco,19,13,5,0,0,0,0,0,0,0
s3fs-fuse/s3fs-fuse,19,19,17,16,16,16,14,14,13,13
openzfs/zfs,75,72,70,68,68,67,65,64,63,62
weaveworks/scope,14,11,7,6,6,5,5,5,5,4
ldcsaa/HP-Socket,11,0,0,0,0,0,0,0,0,0
akveo/nebular,9,9,9,5,5,4,2,2,2,2
flightjs/flight,8,8,8,8,4,2,1,1,1,1
tariqbuilds/linux-dash,0,0,0,0,0,0,0,0,0,0
openpgpjs/openpgpjs,71,53,41,30,22,16,9,8,7,7
redis/jedis,58,46,36,28,25,22,20,20,18,17
microsoft/DeepSpeed,34,33,31,31,30,30,29,28,27,27
USArmyResearchLab/Dshell,1,0,0,0,0,0,0,0,0,0
BradLarson/GPUImage,0,0,0,0,0,0,0,0,0,0
gentilkiwi/mimikatz,7,7,7,7,2,2,2,2,0,0
kubeedge/kubeedge,6,6,5,5,5,5,4,4,4,4
symfony/http-foundation,122,76,40,18,15,9,8,8,6,6
qor/qor,0,0,0,0,0,0,0,0,0,0
vrana/adminer,16,13,11,8,7,7,5,4,2,2
metafizzy/isotope,12,2,0,0,0,0,0,0,0,0
DrKLO/Telegram,0,0,0,0,0,0,0,0,0,0
davidjbradshaw/iframe-resizer,5,3,1,0,0,0,0,0,0,0
winstonjs/winston,19,18,15,13,13,13,12,10,9,8
uber/react-vis,32,20,16,12,8,7,6,5,4,4
norvig/paip-lisp,3,0,0,0,0,0,0,0,0,0
getpelican/pelican,9,6,6,2,2,1,1,1,0,0
timber/timber,76,59,45,36,27,13,11,10,9,9
Automattic/kue,23,17,11,11,11,8,8,7,5,4
slimphp/Slim,45,41,27,26,25,20,19,17,12,12
dgtlmoon/changedetection.io,30,10,7,3,0,0,0,0,0,0
kitao/pyxel,0,0,0,0,0,0,0,0,0,0
sghall/react-move,2,0,0,0,0,0,0,0,0,0
linkedin/css-blocks,0,0,0,0,0,0,0,0,0,0
matze/mtheme,1,1,1,0,0,0,0,0,0,0
donnemartin/gitsome,4,4,4,4,4,4,4,4,4,4
crimx/ext-saladict,20,14,5,4,2,2,1,0,0,0
jemalloc/jemalloc,0,0,0,0,0,0,0,0,0,0
vuejs/pinia,7,7,6,5,4,4,3,3,3,2
bower/bower,30,22,20,16,12,11,10,8,6,5
evant/gradle-retrolambda,0,0,0,0,0,0,0,0,0,0
graphql/dataloader,9,7,5,4,4,3,3,2,2,2
jhen0409/react-native-debugger,92,70,44,25,16,11,8,5,5,4
webpack/webpack-dev-server,110,100,89,62,57,50,40,38,37,27
hrydgard/ppsspp,1,0,0,0,0,0,0,0,0,0
sveinbjornt/Sloth,0,0,0,0,0,0,0,0,0,0
mozilla/pdf.js,56,56,56,54,53,52,52,52,50,50
bvaughn/react-window,2,1,1,1,0,0,0,0,0,0
designmodo/Flat-UI,0,0,0,0,0,0,0,0,0,0
tiangolo/fastapi,163,136,113,100,91,80,68,62,55,50
lets-blade/blade,0,0,0,0,0,0,0,0,0,0
felixrieseberg/windows95,3,3,3,3,0,0,0,0,0,0
dotansimha/graphql-code-generator,1911,1065,742,469,282,168,107,90,81,75
facebook/infer,12,6,4,3,2,1,1,1,1,1
google/go-cloud,1,0,0,0,0,0,0,0,0,0
Bash-it/bash-it,6,5,5,5,5,5,5,4,4,4
primefaces/primeng,19,19,19,19,19,17,16,16,16,16
DATA-DOG/go-sqlmock,5,0,0,0,0,0,0,0,0,0
zerotier/ZeroTierOne,3,2,0,0,0,0,0,0,0,0
jwagner/smartcrop.js,0,0,0,0,0,0,0,0,0,0
vcr/vcr,3,3,3,3,3,3,2,2,2,2
sahat/satellizer,41,37,31,28,23,18,15,13,9,9
facebook/hermes,10,7,4,2,2,2,0,0,0,0
toml-lang/toml,0,0,0,0,0,0,0,0,0,0
JakeWharton/RxBinding,0,0,0,0,0,0,0,0,0,0
naptha/tesseract.js,15,13,7,6,6,4,4,3,3,3
serde-rs/serde,218,61,26,14,10,5,5,3,2,2
gskinner/regexr,1,1,0,0,0,0,0,0,0,0
facebook/sapling,6,6,6,6,6,5,5,5,4,2
zloirock/core-js,153,89,51,36,28,23,16,13,11,9
Ramotion/folding-cell,0,0,0,0,0,0,0,0,0,0
Rigellute/spotify-tui,3,1,1,1,1,0,0,0,0,0
huginn/huginn,1,1,1,1,1,1,1,1,1,1
redis/node-redis,46,33,20,17,12,11,11,10,8,5
qinyuhang/ShadowsocksX-NG-R,0,0,0,0,0,0,0,0,0,0
doublespeakgames/adarkroom,0,0,0,0,0,0,0,0,0,0
zadam/trilium,124,107,93,83,68,54,42,35,32,29
websockets/ws,94,44,19,9,3,3,3,3,3,2
airyland/vux,68,62,58,55,46,44,32,31,20,19
kartik-v/bootstrap-fileinput,86,81,71,64,57,51,45,41,38,31
mailhog/MailHog,17,12,9,7,7,7,5,4,3,2
microsoft/microsoft-ui-xaml,79,76,73,69,69,67,65,64,64,63
fastai/fastai,42,29,23,17,14,14,12,8,7,7
drwetter/testssl.sh,3,0,0,0,0,0,0,0,0,0
assaf/zombie,0,0,0,0,0,0,0,0,0,0
witheve/Eve,2,2,2,2,2,2,2,2,2,2
rappasoft/laravel-boilerplate,13,5,3,2,0,0,0,0,0,0
AutoHotkey/AutoHotkey,11,3,1,1,1,1,0,0,0,0
cmdr2/stable-diffusion-ui,1,1,1,1,1,1,1,1,0,0
gitbucket/gitbucket,3,0,0,0,0,0,0,0,0,0
fkhadra/react-toastify,62,29,21,17,12,11,6,5,4,4
apache/airflow,59,58,58,58,58,58,56,56,56,56
ACRA/acra,35,19,7,3,0,0,0,0,0,0
seemoo-lab/opendrop,0,0,0,0,0,0,0,0,0,0
schollz/croc,135,112,85,65,50,37,26,19,17,10
llvm/llvm-project,0,0,0,0,0,0,0,0,0,0
shadowsocks/shadowsocks-libev,7,4,4,3,2,2,1,1,1,0
the-control-group/voyager,34,30,28,25,22,20,20,20,20,19
apache/pulsar,68,57,56,52,49,47,47,46,45,44
nats-io/nats-server,76,75,72,69,68,66,62,59,54,47
timqian/chart.xkcd,1,1,1,1,0,0,0,0,0,0
dropwizard/metrics,102,91,87,80,76,70,64,58,58,51
wojtekmaj/react-pdf,96,49,28,20,11,8,6,4,3,1
snapappointments/bootstrap-select,51,44,35,31,25,24,18,15,14,14
wagoodman/dive,22,20,17,16,16,14,13,13,13,12
systemd/systemd,13,8,8,1,1,1,1,0,0,0
erincatto/box2d,0,0,0,0,0,0,0,0,0,0
amoffat/sh,0,0,0,0,0,0,0,0,0,0
c3js/c3,83,55,38,30,24,19,17,14,14,10
mysticatea/npm-run-all,30,19,6,5,2,2,1,1,1,1
dangrossman/daterangepicker,4,1,0,0,0,0,0,0,0,0
cisco/ChezScheme,0,0,0,0,0,0,0,0,0,0
defunkt/jquery-pjax,0,0,0,0,0,0,0,0,0,0
AlessandroZ/LaZagne,3,1,1,1,0,0,0,0,0,0
ShiqiYu/libfacedetection,0,0,0,0,0,0,0,0,0,0
nhn/tui.calendar,67,59,49,41,36,33,23,19,15,11
jedisct1/libsodium,5,3,1,0,0,0,0,0,0,0
smallnest/rpcx,0,0,0,0,0,0,0,0,0,0
ipfs/ipfs-desktop,65,50,46,37,27,24,19,13,12,7
ben-manes/caffeine,55,34,24,12,7,4,3,2,2,1
hashicorp/vault,73,72,71,68,68,64,59,53,49,49
microsoft/nni,18,16,15,12,10,10,10,8,8,8
google/guice,1,0,0,0,0,0,0,0,0,0
CocoaPods/CocoaPods,166,152,142,128,124,117,114,110,105,101
dnoegel/php-xdg-base-dir,0,0,0,0,0,0,0,0,0,0
mailcheck/mailcheck,0,0,0,0,0,0,0,0,0,0
apache/tvm,11,11,11,10,10,10,10,10,10,10
openresty/openresty,4,0,0,0,0,0,0,0,0,0
olivere/elastic,31,22,13,11,6,4,1,1,1,1
esp8266/Arduino,31,31,31,30,30,30,30,29,28,27
Eonasdan/tempus-dominus,31,20,18,11,9,7,5,4,4,4
lucasg/Dependencies,0,0,0,0,0,0,0,0,0,0
pixijs/pixijs,139,121,108,99,90,86,81,71,66,64
bvaughn/react-error-boundary,23,20,19,7,4,2,0,0,0,0
facebookresearch/nougat,0,0,0,0,0,0,0,0,0,0
mozilla/DeepSpeech,20,19,19,19,18,16,14,14,13,12
jquery/sizzle,4,4,4,1,1,0,0,0,0,0
aws/aws-sdk-php,28,11,3,2,2,1,0,0,0,0
MetaMask/metamask-extension,222,154,130,111,92,85,80,76,71,64
ocornut/imgui,70,68,67,67,63,61,59,59,56,56
a1studmuffin/SpaceshipGenerator,0,0,0,0,0,0,0,0,0,0
lokesh/lightbox2,11,8,8,6,3,2,1,1,1,1
maxwellito/vivus,2,2,1,0,0,0,0,0,0,0
puppeteer/puppeteer,252,252,249,160,147,146,118,112,111,100
google/error-prone,29,26,23,22,18,17,14,13,11,11
ecomfe/vue-echarts,3,0,0,0,0,0,0,0,0,0
nodejs/node,349,349,349,340,332,329,327,325,321,307
quilljs/quill,75,59,48,39,31,24,17,15,13,9
veler/DevToys,27,27,25,23,21,17,12,12,11,11
airbnb/visx,87,69,56,45,33,24,20,14,13,12
basscss/basscss,0,0,0,0,0,0,0,0,0,0
leeoniya/uPlot,27,19,17,9,3,1,0,0,0,0
rtfeldman/seamless-immutable,0,0,0,0,0,0,0,0,0,0
angular-ui/ui-grid,5,4,3,2,2,2,2,1,1,1
smacke/ffsubsync,0,0,0,0,0,0,0,0,0,0
wez/wezterm,26,26,26,6,5,4,4,4,4,4
GloriousEggroll/proton-ge-custom,45,24,14,10,8,7,6,4,2,2
vavr-io/vavr,13,11,10,9,7,6,4,4,4,4
xmartlabs/XLPagerTabStrip,1,0,0,0,0,0,0,0,0,0
klaudiosinani/signale,7,7,6,5,5,5,4,4,3,3
Dogfalo/materialize,0,0,0,0,0,0,0,0,0,0
hacksalot/HackMyResume,7,4,4,3,3,3,1,1,1,1
erlang/otp,12,3,0,0,0,0,0,0,0,0
hwchase17/langchainjs,119,119,109,102,98,89,86,81,71,64
nolimits4web/swiper,52,51,45,38,33,30,27,24,24,21
eternnoir/pyTelegramBotAPI,4,2,1,0,0,0,0,0,0,0
dotnet/reactive,38,37,37,36,35,34,33,33,33,32
microsoft/AirSim,4,4,0,0,0,0,0,0,0,0
tensorflow/tfjs-models,0,0,0,0,0,0,0,0,0,0
doctrine/inflector,15,11,10,7,6,5,5,5,5,5
spring-projects/spring-boot,190,190,190,190,189,189,188,187,187,186
firebase/php-jwt,22,19,11,9,7,7,2,2,2,1
docker/docker-bench-security,3,3,3,3,3,3,3,3,2,2
facebookresearch/faiss,1,1,1,1,0,0,0,0,0,0
rbenv/rbenv,4,1,1,1,1,1,1,1,1,1
twitter/finagle,58,57,53,52,48,48,46,46,43,42
felangel/bloc,82,47,34,20,7,3,0,0,0,0
elastic/elasticsearch,0,0,0,0,0,0,0,0,0,0
spotify/luigi,54,51,47,41,38,33,30,21,15,13
Kotlin/kotlinx.coroutines,73,65,54,46,42,39,32,31,28,24
reduxjs/redux-thunk,13,4,2,2,2,2,1,1,1,1
angular/angularfire,57,43,40,33,30,30,25,25,23,16
glfw/glfw,0,0,0,0,0,0,0,0,0,0
microsoft/CNTK,0,0,0,0,0,0,0,0,0,0
skeeto/endlessh,0,0,0,0,0,0,0,0,0,0
go-martini/martini,1,0,0,0,0,0,0,0,0,0
junegunn/vim-plug,2,2,2,2,2,2,2,2,2,2
cloudflare/cloudflared,0,0,0,0,0,0,0,0,0,0
RPCS3/rpcs3,13,13,12,12,12,12,12,12,12,12
mamedev/mame,0,0,0,0,0,0,0,0,0,0
google/guava,30,24,21,20,20,19,14,12,10,8
rs/zerolog,0,0,0,0,0,0,0,0,0,0
derailed/k9s,183,139,106,79,57,44,33,26,20,17
mwaskom/seaborn,14,10,10,10,9,8,7,7,7,6
textmate/textmate,0,0,0,0,0,0,0,0,0,0
tzapu/WiFiManager,1,1,1,1,1,1,1,1,1,1
Tyrrrz/DiscordChatExporter,1,1,1,1,1,0,0,0,0,0
borgbackup/borg,20,1,0,0,0,0,0,0,0,0
ponylang/ponyc,108,95,81,64,57,47,41,34,27,25
scottjehl/Respond,0,0,0,0,0,0,0,0,0,0
coryhouse/react-slingshot,11,10,9,7,7,6,6,6,6,6
google/mediapipe,17,11,8,6,4,3,3,2,1,1
fantasyland/fantasy-land,15,5,2,2,2,2,0,0,0,0
vercel/hyper,77,53,42,38,33,30,25,23,22,18
vuejs/vuepress,22,22,22,22,21,21,20,18,16,16
reduxjs/reselect,30,14,10,8,4,2,1,1,1,1
HangfireIO/Hangfire,70,56,44,37,35,25,18,16,13,13
ServiceStack/ServiceStack,2,0,0,0,0,0,0,0,0,0
CMU-Perceptual-Computing-Lab/openpose,0,0,0,0,0,0,0,0,0,0
influxdata/telegraf,116,115,111,107,99,94,91,82,77,71
Hammerspoon/hammerspoon,3,3,2,1,1,1,1,1,1,1
madrobby/keymaster,0,0,0,0,0,0,0,0,0,0
deezer/spleeter,0,0,0,0,0,0,0,0,0,0
mattingalls/Soundflower,0,0,0,0,0,0,0,0,0,0
VerbalExpressions/JSVerbalExpressions,0,0,0,0,0,0,0,0,0,0
rails/rails,37,27,20,18,15,14,11,10,8,7
draios/sysdig,37,35,31,25,23,16,16,14,13,11
Z3Prover/z3,23,23,23,23,22,22,22,22,22,21
lukeed/clsx,9,9,7,5,5,5,4,4,2,1
cytoscape/cytoscape.js,0,0,0,0,0,0,0,0,0,0
doctrine/lexer,10,8,5,4,3,2,1,1,1,1
CachetHQ/Cachet,1,0,0,0,0,0,0,0,0,0
mikepenz/Android-Iconics,46,19,8,4,3,3,0,0,0,0
PhilJay/MPAndroidChart,3,2,2,2,2,2,2,2,2,2
SpartnerNL/Laravel-Excel,48,34,21,13,8,5,5,4,4,3
appium/appium,356,348,224,194,154,135,114,105,82,79
activerecord-hackery/ransack,30,24,18,15,15,13,11,10,9,6
mvdan/sh,23,3,3,3,3,3,3,3,2,2
apache/doris,31,5,5,2,2,2,2,2,2,2
ramda/ramda,20,4,4,4,4,3,3,3,3,3
PrismJS/prism,0,0,0,0,0,0,0,0,0,0
nccgroup/ScoutSuite,4,0,0,0,0,0,0,0,0,0
apereo/cas,105,86,30,27,26,24,22,21,19,18
FelisCatus/SwitchyOmega,43,8,8,0,0,0,0,0,0,0
ajv-validator/ajv,63,30,18,11,7,4,3,3,2,2
nvbn/thefuck,16,15,12,11,10,7,6,6,6,6
Kaggle/kaggle-api,0,0,0,0,0,0,0,0,0,0
spring-projects/spring-framework,268,268,264,262,260,256,254,252,248,245
kolodny/immutability-helper,3,1,1,1,0,0,0,0,0,0
doctrine/instantiator,13,9,6,4,2,2,2,1,1,1
react-toolbox/react-toolbox,4,3,3,1,1,1,1,0,0,0
apiaryio/api-blueprint,4,1,0,0,0,0,0,0,0,0
google/ios-webkit-debug-proxy,12,6,4,3,3,2,1,1,0,0
briangonzalez/jquery.adaptive-backgrounds.js,0,0,0,0,0,0,0,0,0,0
mortenjust/androidtool-mac,5,5,5,5,3,3,3,3,1,1
tomnomnom/gron,10,0,0,0,0,0,0,0,0,0
Ji4n1ng/OpenInTerminal,0,0,0,0,0,0,0,0,0,0
reduxjs/redux,68,46,29,23,19,16,13,9,6,6
sequelize/sequelize,424,414,390,152,122,113,78,71,68,52
openlayers/openlayers,117,98,85,81,80,76,73,73,72,72
zyedidia/micro,2,0,0,0,0,0,0,0,0,0
briannesbitt/Carbon,111,81,68,59,43,31,25,18,12,10
JetBrains/Exposed,32,2,2,1,1,1,1,1,1,1
sindresorhus/modern-normalize,5,5,3,2,2,2,0,0,0,0
facebookresearch/hydra,22,20,16,13,12,11,10,9,8,8
source-foundry/Hack,4,2,2,0,0,0,0,0,0,0
vitejs/vite,1,0,0,0,0,0,0,0,0,0
dahlbyk/posh-git,3,2,2,2,2,2,2,2,2,2
dessant/buster,0,0,0,0,0,0,0,0,0,0
facebookresearch/maskrcnn-benchmark,0,0,0,0,0,0,0,0,0,0
google/jax,20,13,4,3,3,3,1,0,0,0
welldone-software/why-did-you-render,21,3,1,1,1,1,1,1,1,0
doorkeeper-gem/doorkeeper,58,41,33,27,21,18,15,13,8,7
reduxjs/react-redux,100,75,48,29,19,12,7,5,3,2
Foundry376/Mailspring,39,35,30,26,22,18,13,12,10,8
caronc/apprise,36,32,30,28,24,21,19,18,13,10
twitter/hogan.js,0,0,0,0,0,0,0,0,0,0
riot/riot,73,24,7,2,1,0,0,0,0,0
OpenVPN/openvpn,1,1,1,1,1,1,1,1,0,0
ajenti/ajenti,4,2,0,0,0,0,0,0,0,0
gregberge/loadable-components,63,61,43,32,26,25,21,18,16,11
elastic/go-elasticsearch,8,6,1,0,0,0,0,0,0,0
divamgupta/diffusionbee-stable-diffusion-ui,1,1,1,1,1,1,0,0,0,0
barryclark/jekyll-now,2,1,1,1,1,1,1,1,1,1
belluzj/fantasque-sans,6,4,2,2,2,2,1,0,0,0
shadowsocks/shadowsocks-android,40,28,20,13,11,9,7,7,5,2
httpie/cli,13,10,9,8,7,7,6,6,4,4
google/snappy,0,0,0,0,0,0,0,0,0,0
SoftEtherVPN/SoftEtherVPN,1,0,0,0,0,0,0,0,0,0
rcmaehl/WhyNotWin11,32,32,31,19,17,17,16,16,16,1
ccampbell/mousetrap,5,0,0,0,0,0,0,0,0,0
JohnCoates/Aerial,64,18,10,0,0,0,0,0,0,0
guillaumepotier/Parsley.js,0,0,0,0,0,0,0,0,0,0
ppoffice/hexo-theme-icarus,37,35,32,24,18,15,12,10,9,4
webpy/webpy,6,4,4,3,2,1,1,1,1,1
kean/Nuke,113,56,33,21,17,15,13,10,10,9
tbruyelle/RxPermissions,5,1,0,0,0,0,0,0,0,0
facebookresearch/fastText,3,2,2,1,1,1,1,1,1,1
missive/emoji-mart,35,24,17,13,11,5,4,2,2,1
hluk/CopyQ,17,15,14,12,10,7,6,6,4,2
sass/node-sass,86,63,43,33,28,23,18,17,14,12
benphelps/homepage,49,42,39,30,28,26,25,21,20,17
hackiftekhar/IQKeyboardManager,2,0,0,0,0,0,0,0,0,0
tmux/tmux,4,0,0,0,0,0,0,0,0,0
puma/puma,48,40,34,30,27,26,24,24,23,23
Respect/Validation,13,6,6,4,3,3,3,3,3,3
rabbitmq/rabbitmq-server,297,286,271,254,244,226,209,196,178,169
esnet/iperf,2,2,2,2,1,1,1,1,1,1
standard/standard,5,4,4,2,2,1,1,1,0,0
hackjutsu/Lepton,26,24,22,21,19,19,13,11,10,7
Perfare/Il2CppDumper,0,0,0,0,0,0,0,0,0,0
Zizaco/entrust,0,0,0,0,0,0,0,0,0,0
olton/Metro-UI-CSS,56,37,26,21,16,12,10,8,5,5
tendermint/tendermint,100,61,3,2,2,1,1,1,1,1
mltframework/shotcut,3,1,0,0,0,0,0,0,0,0
alvarotrigo/fullPage.js,73,59,48,44,36,32,23,20,14,13
typicode/lowdb,8,2,0,0,0,0,0,0,0,0
GoogleChrome/workbox,78,64,58,53,44,37,26,21,19,17
alexellis/k3sup,86,51,40,30,24,18,16,13,11,9
openai/whisper,0,0,0,0,0,0,0,0,0,0
noodlewerk/NWPusher,3,1,0,0,0,0,0,0,0,0
NVIDIA/TensorRT,11,7,4,3,1,0,0,0,0,0
arogozhnikov/einops,11,9,7,7,7,6,5,3,3,3
madrobby/zepto,2,0,0,0,0,0,0,0,0,0
umdjs/umd,1,0,0,0,0,0,0,0,0,0
summernote/summernote,31,27,23,20,17,16,15,11,10,8
uxsolutions/bootstrap-datepicker,12,7,7,7,7,7,7,7,6,6
swoole/swoole-src,71,65,61,57,55,51,48,48,45,43
FreeCAD/FreeCAD,8,7,7,7,7,6,6,6,6,6
sqlcipher/sqlcipher,0,0,0,0,0,0,0,0,0,0
robb/Cartography,11,5,3,3,3,3,2,0,0,0
ProjectDent/ARKit-CoreLocation,3,3,3,3,2,2,2,2,2,0
celery/celery,29,24,22,17,14,14,11,11,10,8
caolan/async,6,5,2,1,1,1,1,1,1,1
yudai/gotty,2,2,2,1,0,0,0,0,0,0
tstack/lnav,0,0,0,0,0,0,0,0,0,0
sqlmapproject/sqlmap,0,0,0,0,0,0,0,0,0,0
typicode/husky,33,6,3,2,1,1,1,1,1,1
opencontainers/runc,31,25,22,21,17,15,13,11,11,9
dargullin/icheck,0,0,0,0,0,0,0,0,0,0
andlabs/ui,0,0,0,0,0,0,0,0,0,0
mleibman/SlickGrid,0,0,0,0,0,0,0,0,0,0
developit/microbundle,28,24,21,18,14,13,12,10,10,9
dc-js/dc.js,1,0,0,0,0,0,0,0,0,0
c0re100/qBittorrent-Enhanced-Edition,19,10,5,3,1,1,0,0,0,0
OpenRefine/OpenRefine,38,38,38,37,37,34,33,30,29,28
BoostIO/BoostNote-Legacy,1,1,0,0,0,0,0,0,0,0
brndnmtthws/conky,16,16,14,13,13,13,11,11,11,10
chrisbanes/tivi,17,17,17,17,17,14,12,11,11,11
primer/octicons,71,60,49,31,26,25,13,13,13,8
jaredreich/notie,0,0,0,0,0,0,0,0,0,0
junit-team/junit4,0,0,0,0,0,0,0,0,0,0
StackStorm/st2,40,36,30,29,27,25,24,23,22,22
sloria/TextBlob,0,0,0,0,0,0,0,0,0,0
BetterDiscord/BetterDiscord,16,5,4,3,3,3,2,1,1,1
saltstack/salt,61,2,1,0,0,0,0,0,0,0
mamaral/Onboard,2,0,0,0,0,0,0,0,0,0
js-cookie/js-cookie,24,16,12,9,5,2,2,2,1,0
moby/moby,114,106,101,98,93,91,90,86,83,81
rhysd/vim.wasm,0,0,0,0,0,0,0,0,0,0
dylanaraps/neofetch,13,5,4,3,3,1,0,0,0,0
plantuml/plantuml,0,0,0,0,0,0,0,0,0,0
cosmtrek/air,31,25,13,9,7,7,7,6,5,3
redux-saga/redux-saga,44,37,31,19,17,9,8,6,5,5
shenweichen/DeepCTR,15,6,3,0,0,0,0,0,0,0
heroiclabs/nakama,4,0,0,0,0,0,0,0,0,0
laramies/theHarvester,9,8,8,8,7,7,7,7,7,7
google/wire,5,3,2,2,2,2,0,0,0,0
tensorflow/tensorflow,84,41,25,19,12,5,3,0,0,0
tjanczuk/edge,0,0,0,0,0,0,0,0,0,0
cli/cli,113,94,88,83,80,77,73,70,68,65
nasa-jpl/open-source-rover,2,2,2,2,2,2,2,2,2,2
Workiva/go-datastructures,55,12,5,0,0,0,0,0,0,0
activeadmin/activeadmin,40,39,38,36,36,36,36,35,35,35
cplusplus/draft,0,0,0,0,0,0,0,0,0,0
lrsjng/h5ai,0,0,0,0,0,0,0,0,0,0
xournalpp/xournalpp,16,14,13,11,11,11,11,9,9,8
transmission/transmission,12,11,11,11,11,11,11,11,9,9
rxi/lite,0,0,0,0,0,0,0,0,0,0
seanmonstar/reqwest,24,19,16,13,11,9,8,4,3,0
WebAssembly/design,1,0,0,0,0,0,0,0,0,0
antimatter15/alpaca.cpp,0,0,0,0,0,0,0,0,0,0
AGWA/git-crypt,0,0,0,0,0,0,0,0,0,0
lexrus/LTMorphingLabel,2,2,2,1,1,1,1,0,0,0
fail2ban/fail2ban,6,4,2,2,1,1,1,1,1,1
playcanvas/engine,135,105,87,77,65,60,54,49,44,44
danikula/AndroidVideoCache,8,3,1,1,1,1,1,0,0,0
zenorocha/alfred-workflows,7,4,2,0,0,0,0,0,0,0
sourcegraph/conc,1,0,0,0,0,0,0,0,0,0
ogham/dog,1,1,1,0,0,0,0,0,0,0
realm/SwiftLint,116,110,97,91,87,80,68,61,52,47
raineorshine/npm-check-updates,23,14,4,2,2,2,2,2,2,1
facebook/proxygen,0,0,0,0,0,0,0,0,0,0
jorgebucaran/fisher,50,28,22,15,10,5,5,4,4,2
jupyterlab/jupyterlab,161,160,154,145,135,129,119,114,108,103
Kitware/CMake,0,0,0,0,0,0,0,0,0,0
sumatrapdfreader/sumatrapdf,0,0,0,0,0,0,0,0,0,0
brave/brave-browser,1120,305,186,153,137,119,112,104,96,90
IBM/plex,17,10,7,4,4,4,4,4,4,4
recharts/recharts,20,16,11,10,10,10,10,9,9,9
marko-js/marko,193,193,187,88,86,36,19,18,14,10
ratchetphp/Ratchet,0,0,0,0,0,0,0,0,0,0
PerfectlySoft/Perfect,0,0,0,0,0,0,0,0,0,0
graphite-project/graphite-web,2,0,0,0,0,0,0,0,0,0
openscad/openscad,2,1,1,1,1,1,1,1,1,1
twbs/bootstrap-sass,10,4,2,1,1,1,1,1,1,1
brython-dev/brython,11,0,0,0,0,0,0,0,0,0
google/dopamine,0,0,0,0,0,0,0,0,0,0
mgcrea/angular-strap,0,0,0,0,0,0,0,0,0,0
libuv/libuv,7,4,4,3,1,1,0,0,0,0
typicode/json-server,9,4,3,3,2,2,1,1,1,1
AsyncHttpClient/async-http-client,0,0,0,0,0,0,0,0,0,0
redox-os/redox,15,7,4,3,2,2,2,2,2,2
enso-org/enso,497,485,479,470,465,463,460,446,422,408
cayleygraph/cayley,13,12,12,11,11,9,9,8,6,6
NVIDIA/FastPhotoStyle,0,0,0,0,0,0,0,0,0,0
visionmedia/page.js,7,3,2,2,1,1,1,0,0,0
snowie2000/mactype,5,4,3,3,2,2,2,2,2,2
daviddao/awful-ai,0,0,0,0,0,0,0,0,0,0
haifengl/smile,0,0,0,0,0,0,0,0,0,0
joho/godotenv,7,6,6,6,3,3,2,2,2,2
angular-ui/ui-router,48,47,41,38,35,34,32,31,31,28
cheat-engine/cheat-engine,2,1,0,0,0,0,0,0,0,0
nosir/cleave.js,2,0,0,0,0,0,0,0,0,0
tutao/tutanota,321,280,229,197,182,162,137,118,104,82
ResearchKit/ResearchKit,0,0,0,0,0,0,0,0,0,0
maxogden/menubar,0,0,0,0,0,0,0,0,0,0
ValveSoftware/GameNetworkingSockets,2,0,0,0,0,0,0,0,0,0
felixrieseberg/macintosh.js,0,0,0,0,0,0,0,0,0,0
Wind4/vlmcsd,1,0,0,0,0,0,0,0,0,0
jordansissel/fpm,3,3,2,2,2,2,2,2,2,2
official-stockfish/Stockfish,9,6,3,1,1,1,1,1,1,0
nsqio/nsq,29,26,26,26,24,23,21,20,20,20
kalcaddle/KodExplorer,0,0,0,0,0,0,0,0,0,0
idank/explainshell,0,0,0,0,0,0,0,0,0,0
venmo/synx,0,0,0,0,0,0,0,0,0,0
farag2/Sophia-Script-for-Windows,63,45,23,12,8,4,3,1,1,0
zeek/zeek,36,32,29,24,23,19,18,15,13,12
pallets/flask,1,0,0,0,0,0,0,0,0,0
microsoft/ethr,1,1,0,0,0,0,0,0,0,0
webiny/webiny-js,74,65,53,51,45,44,41,39,39,39
topjohnwu/Magisk,4,1,1,0,0,0,0,0,0,0
maxence-charriere/go-app,8,2,1,1,0,0,0,0,0,0
mybatis/mybatis-3,24,16,15,15,15,13,11,9,9,9
gonum/gonum,13,13,11,10,10,10,10,9,9,6
bpampuch/pdfmake,12,7,3,1,0,0,0,0,0,0
bazelbuild/bazel,215,206,196,186,134,110,82,63,51,42
facebook/chisel,10,9,9,8,8,6,5,4,1,1
OWASP/owasp-mastg,5,4,4,4,4,4,4,4,4,4
PowerShell/Win32-OpenSSH,24,18,14,9,6,5,3,2,2,2
prometheus/node_exporter,35,33,30,25,25,23,22,22,22,22
CocoaPods/Specs,0,0,0,0,0,0,0,0,0,0
signalapp/Signal-Desktop,88,64,56,47,43,36,29,25,22,15
fossasia/visdom,0,0,0,0,0,0,0,0,0,0
buger/jsonparser,2,1,1,1,1,1,1,1,0,0
microsoft/MixedRealityToolkit-Unity,42,33,30,28,27,21,21,20,20,20
plotly/plotly.py,64,51,47,42,37,32,29,25,25,22
tonsky/AnyBar,6,3,0,0,0,0,0,0,0,0
spotify/annoy,10,4,2,1,1,1,1,0,0,0
bkeepers/dotenv,9,5,4,4,3,2,2,0,0,0
shiftkey/desktop,121,83,64,56,46,41,37,30,26,23
emilsjolander/StickyListHeaders,0,0,0,0,0,0,0,0,0,0
diegomura/react-pdf,175,165,147,94,82,61,51,43,37,32
janeczku/calibre-web,1,0,0,0,0,0,0,0,0,0
Shopify/react-native-skia,129,103,90,67,57,46,42,39,35,27
envoyproxy/envoy,1,1,0,0,0,0,0,0,0,0
mgdm/htmlq,0,0,0,0,0,0,0,0,0,0
dolthub/dolt,321,312,305,298,294,280,266,258,244,237
guardianproject/haven,34,32,31,30,30,27,25,24,23,22
jasonkuhrt/graphql-request,29,25,19,19,15,13,12,12,11,11
schollz/howmanypeoplearearound,0,0,0,0,0,0,0,0,0,0
amueller/word_cloud,0,0,0,0,0,0,0,0,0,0
sequelpro/sequelpro,5,4,2,2,1,1,1,1,1,1
opencv/cvat,46,43,39,39,38,36,32,30,30,29
IFTTT/JazzHands,0,0,0,0,0,0,0,0,0,0
sparklemotion/nokogiri,48,29,22,20,16,12,12,10,9,9
espressif/esp-idf,91,83,79,78,78,77,77,75,74,73
arzzen/git-quick-stats,36,13,2,1,0,0,0,0,0,0
gulpjs/gulp,11,11,8,8,7,7,6,6,6,6
jquense/yup,6,5,4,4,2,2,2,2,2,2
julienXX/terminal-notifier,0,0,0,0,0,0,0,0,0,0
erikflowers/weather-icons,0,0,0,0,0,0,0,0,0,0
keras-team/keras,18,14,11,10,10,10,10,10,10,10
keycastr/keycastr,3,2,1,0,0,0,0,0,0,0
tweenjs/tween.js,14,14,9,3,2,1,1,1,0,0
chinchang/hint.css,0,0,0,0,0,0,0,0,0,0
tensorflow/tensorboard,48,42,35,33,31,29,26,25,22,19
mongodb/node-mongodb-native,72,68,65,57,56,56,45,45,44,36
fluent/fluentd,9,9,8,8,8,7,6,5,5,5
kazupon/vue-i18n,148,128,93,63,43,35,29,26,19,15
uber/RIBs,10,8,5,4,4,3,3,3,3,2
pastelsky/bundlephobia,4,4,3,3,3,1,1,1,1,1
AlexeyAB/darknet,2,2,1,1,0,0,0,0,0,0
google/android-classyshark,0,0,0,0,0,0,0,0,0,0
spree/spree,94,78,62,52,47,42,33,31,30,26
falconry/falcon,1,1,0,0,0,0,0,0,0,0
conda/conda,153,145,127,121,115,106,94,90,81,78
josStorer/chatGPTBox,41,41,40,38,37,35,32,28,21,20
kickstarter/ios-oss,66,65,62,58,57,56,55,53,49,48
apertureless/vue-chartjs,53,35,29,21,17,12,11,8,8,7
jquery-validation/jquery-validation,20,18,17,16,15,14,12,11,8,6
apple/swift-nio,110,95,84,80,72,67,62,58,54,50
navasmdc/MaterialDesignLibrary,0,0,0,0,0,0,0,0,0,0
kean/Pulse,43,22,13,11,3,2,2,1,1,1
jbaysolutions/vue-grid-layout,19,9,4,0,0,0,0,0,0,0
akveo/react-native-ui-kitten,30,11,0,0,0,0,0,0,0,0
laravel/socialite,50,12,3,1,1,1,1,1,1,1
gorhill/uBlock,246,199,161,136,118,107,93,80,75,69
carrierwaveuploader/carrierwave,21,20,17,14,13,9,9,7,7,7
tholman/elevator.js,0,0,0,0,0,0,0,0,0,0
joelittlejohn/jsonschema2pojo,62,53,49,36,32,20,15,9,5,3
Kong/kong,118,39,26,24,22,21,18,16,16,15
ipfs/kubo,62,31,31,30,29,29,29,28,26,26
socketio/socket.io-client-java,5,5,5,5,5,4,3,3,2,2
simeji/jid,5,5,4,3,2,2,2,2,2,1
facebookexperimental/Recoil,16,16,15,12,10,9,8,8,8,7
reactphp/reactphp,4,3,3,3,3,2,2,1,0,0
ValdikSS/GoodbyeDPI,10,3,2,1,1,0,0,0,0,0
3b1b/manim,6,6,5,5,5,5,5,5,5,5
wpscanteam/wpscan,43,21,11,6,4,3,3,3,2,2
daniel-lundin/snabbt.js,0,0,0,0,0,0,0,0,0,0
facebook/buck,15,14,0,0,0,0,0,0,0,0
knockout/knockout,10,10,9,9,8,5,4,4,4,4
blevesearch/bleve,31,25,19,15,10,9,8,7,4,3
laravel/framework,640,566,489,429,387,358,326,304,281,257
apache/superset,25,25,23,23,22,21,18,16,16,16
gravitational/teleport,332,267,229,208,193,169,154,135,125,108
google/draco,3,1,0,0,0,0,0,0,0,0
docker/compose,56,55,52,47,45,41,37,32,31,31
una/CSSgram,9,8,7,7,6,3,3,3,1,1
snowplow/snowplow,82,80,79,78,76,73,73,71,68,67
sachinchoolur/lightGallery,58,23,14,9,6,4,2,1,1,1
tijsverkoyen/CssToInlineStyles,2,2,1,1,1,1,1,1,1,0
CosmicMind/Material,84,37,18,10,8,4,3,2,2,2
tonsky/FiraCode,18,13,12,11,10,9,9,9,9,9
sachinchoolur/lightgallery.js,5,0,0,0,0,0,0,0,0,0
lukeed/polka,16,14,11,10,10,7,5,5,3,3
plotly/plotly.js,238,183,165,141,119,106,90,82,74,67
ckeditor/ckeditor5,61,57,53,50,48,47,45,44,43,42
terkelg/prompts,19,14,8,8,6,6,5,5,3,3
santinic/how2,0,0,0,0,0,0,0,0,0,0
mozilla-mobile/firefox-ios,39,35,32,28,25,24,24,22,18,15
cefsharp/CefSharp,169,124,116,109,105,102,102,100,90,86
google/trax,6,6,4,4,4,4,3,2,2,2
opf/openproject,85,83,77,70,61,56,48,47,43,39
matthieua/WOW,6,2,1,1,0,0,0,0,0,0
expressjs/express,0,0,0,0,0,0,0,0,0,0
NVIDIA/open-gpu-kernel-modules,7,3,3,1,1,1,1,1,1,1
File-New-Project/EarTrumpet,0,0,0,0,0,0,0,0,0,0
DevExpress/testcafe,239,210,188,169,148,128,114,98,87,80
julianshapiro/velocity,5,3,3,3,2,2,2,2,2,2
dingo/api,14,4,2,2,1,1,1,1,1,1
pedant/sweet-alert-dialog,0,0,0,0,0,0,0,0,0,0
jgthms/bulma,16,14,13,12,11,11,11,9,8,8
junit-team/junit5,0,0,0,0,0,0,0,0,0,0
Laverna/laverna,15,10,8,7,6,4,3,2,2,2
svaarala/duktape,0,0,0,0,0,0,0,0,0,0
schachmat/wego,0,0,0,0,0,0,0,0,0,0
star7th/showdoc,0,0,0,0,0,0,0,0,0,0
sosedoff/pgweb,0,0,0,0,0,0,0,0,0,0
tmuxinator/tmuxinator,30,21,14,11,10,8,7,7,6,3
pxb1988/dex2jar,4,0,0,0,0,0,0,0,0,0
flyway/flyway,133,8,0,0,0,0,0,0,0,0
google/osv-scanner,13,11,11,10,8,6,6,6,4,4
gabime/spdlog,28,24,23,20,19,17,15,14,12,11
MarshallOfSound/Google-Play-Music-Desktop-Player-UNOFFICIAL-,0,0,0,0,0,0,0,0,0,0
bblanchon/ArduinoJson,112,67,44,25,16,10,6,4,3,2
keen/dashboards,1,0,0,0,0,0,0,0,0,0
lutzroeder/netron,0,0,0,0,0,0,0,0,0,0
kubernetes/kompose,29,28,23,17,15,15,14,13,13,12
google/dagger,70,59,48,42,38,35,28,24,20,15
opencart/opencart,8,7,7,7,7,7,7,7,7,7
o2sh/onefetch,29,25,25,23,17,13,10,10,9,8
yagop/node-telegram-bot-api,1,1,1,1,1,1,1,1,1,0
nathancahill/split,1,0,0,0,0,0,0,0,0,0
sshuttle/sshuttle,7,7,7,7,7,6,6,6,5,5
pymc-devs/pymc,54,51,49,46,44,42,40,39,33,30
Semantic-Org/Semantic-UI-React,20,17,14,11,8,6,5,4,3,3
rengwuxian/MaterialEditText,0,0,0,0,0,0,0,0,0,0
mingrammer/diagrams,33,24,18,15,14,14,11,10,7,6
ValveSoftware/Proton,4,1,1,1,0,0,0,0,0,0
robotframework/robotframework,16,10,9,8,8,8,8,8,8,8
sinonjs/sinon,21,12,8,4,3,2,1,0,0,0
ionic-team/capacitor,118,94,90,71,69,68,59,59,57,49
ElemeFE/element,133,130,121,119,111,109,98,98,87,87
angular/flex-layout,0,0,0,0,0,0,0,0,0,0
node-red/node-red,88,73,66,59,53,44,37,34,32,30
commaai/openpilot,1,1,0,0,0,0,0,0,0,0
iBotPeaches/Apktool,5,5,5,5,5,5,5,5,5,5
facebook/flipper,16,13,9,6,4,2,1,1,1,1
facebookresearch/pytorch3d,14,14,14,14,14,14,14,14,13,13
arendst/Tasmota,102,97,89,77,66,59,49,47,46,41
denoland/fresh,24,20,19,18,18,16,16,16,16,15
konvajs/konva,2,2,2,2,2,2,2,2,2,2
koalaman/shellcheck,0,0,0,0,0,0,0,0,0,0
iawia002/lux,81,63,43,31,22,19,13,12,11,10
numpy/numpy,105,105,105,105,105,105,105,105,105,105
jpillora/cloud-torrent,0,0,0,0,0,0,0,0,0,0
coleifer/peewee,80,54,40,29,22,21,16,15,14,11
PostgresApp/PostgresApp,38,17,4,3,1,1,0,0,0,0
microg/GmsCore,7,7,6,6,4,3,2,2,2,2
keycloak/keycloak,0,0,0,0,0,0,0,0,0,0
sivel/speedtest-cli,0,0,0,0,0,0,0,0,0,0
facebook/componentkit,0,0,0,0,0,0,0,0,0,0
pemistahl/grex,8,3,2,2,1,1,1,1,0,0
foreversd/forever,1,1,0,0,0,0,0,0,0,0
carson-katri/dream-textures,8,7,7,7,7,7,7,6,6,6
square/leakcanary,1,0,0,0,0,0,0,0,0,0
airbnb/react-sketchapp,18,12,6,3,1,1,1,1,1,1
adobe-fonts/source-han-serif,1,1,1,1,1,1,1,1,1,1
videojs/video.js,206,194,185,161,146,141,126,121,118,106
nhn/tui.image-editor,24,19,13,13,10,9,8,6,5,5
AUTOMATIC1111/stable-diffusion-webui,7,7,7,4,3,2,2,2,2,2
microsoft/semantic-kernel,42,42,40,40,40,39,38,38,36,35
koekeishiya/yabai,16,0,0,0,0,0,0,0,0,0
rstacruz/nprogress,6,5,5,5,3,2,1,1,0,0
tradingview/lightweight-charts,24,17,15,15,15,14,13,13,12,12
timarney/react-app-rewired,10,2,0,0,0,0,0,0,0,0
froala/design-blocks,0,0,0,0,0,0,0,0,0,0
reduxjs/redux-devtools,76,35,17,8,5,5,4,4,4,4
mockito/mockito,185,110,77,54,36,29,26,21,20,20
google/google-java-format,14,11,7,5,4,2,1,0,0,0
fengyuanchen/viewerjs,42,20,10,4,1,1,0,0,0,0
twitchtv/twirp,24,16,13,8,6,6,6,5,5,2
naver/billboard.js,157,153,150,126,113,113,84,77,75,62
elastic/beats,9,7,3,2,2,2,2,2,1,1
postcss/postcss,21,20,20,10,6,5,4,2,2,1
HaxeFoundation/haxe,38,38,38,36,33,31,30,29,25,25
keystonejs/keystone,56,51,40,38,37,37,37,37,36,36
knex/knex,25,23,22,18,18,16,13,13,7,6
arduino/Arduino,8,6,2,2,1,1,1,0,0,0
vuejs/apollo,52,31,25,20,17,12,12,11,10,9
ggerganov/llama.cpp,0,0,0,0,0,0,0,0,0,0
angular-fullstack/generator-angular-fullstack,20,20,19,14,13,13,13,12,12,11
zaphoyd/websocketpp,14,12,11,11,9,7,6,4,3,2
vuejs/vuex,30,23,15,12,12,10,7,5,4,4
orangeduck/Cello,0,0,0,0,0,0,0,0,0,0
php-fig/log,3,1,1,0,0,0,0,0,0,0
xdissent/ievms,0,0,0,0,0,0,0,0,0,0
musescore/MuseScore,2,0,0,0,0,0,0,0,0,0
python-pillow/Pillow,15,15,13,12,12,11,11,11,11,11
nodegit/nodegit,59,45,36,32,30,27,23,20,19,18
kovidgoyal/kitty,1,0,0,0,0,0,0,0,0,0
certbot/certbot,11,1,0,0,0,0,0,0,0,0
microsoft/vscode-cpptools,200,187,174,167,158,142,133,127,121,111
huggingface/trl,16,14,13,12,11,9,8,8,8,8
octref/polacode,3,1,1,0,0,0,0,0,0,0
microsoft/winfile,2,1,1,1,0,0,0,0,0,0
dominikh/go-tools,11,4,2,2,2,2,2,1,1,0
iovisor/bcc,0,0,0,0,0,0,0,0,0,0
phpDocumentor/TypeResolver,16,9,4,4,4,2,2,1,1,1
facebookresearch/mmf,0,0,0,0,0,0,0,0,0,0
platformio/platformio-core,112,94,81,67,52,40,33,28,23,21
RichardKnop/machinery,3,1,0,0,0,0,0,0,0,0
slim-template/slim,1,1,1,1,0,0,0,0,0,0
apache/mxnet,20,20,20,19,19,19,19,19,19,19
TooTallNate/Java-WebSocket,7,7,6,6,6,5,2,1,1,1
openai/spinningup,0,0,0,0,0,0,0,0,0,0
libevent/libevent,13,12,11,11,11,11,11,10,10,9
microsoft/vscode,5,0,0,0,0,0,0,0,0,0
OAI/OpenAPI-Specification,0,0,0,0,0,0,0,0,0,0
Masterminds/glide,32,24,20,18,17,14,13,11,8,7
kriasoft/react-starter-kit,0,0,0,0,0,0,0,0,0,0
cesanta/mongoose,2,1,0,0,0,0,0,0,0,0
slackhq/nebula,10,8,8,7,7,7,7,7,7,7
PointCloudLibrary/pcl,26,17,14,13,13,13,13,12,12,12
jpbruinsslot/slack-term,12,11,8,8,6,5,5,4,4,2
Yelp/dumb-init,12,3,1,0,0,0,0,0,0,0
google/cadvisor,66,53,12,9,9,9,8,8,8,8
evilstreak/markdown-js,1,1,1,1,0,0,0,0,0,0
apache/dubbo-spring-boot-project,8,7,6,6,5,5,4,3,3,3
givanz/VvvebJs,0,0,0,0,0,0,0,0,0,0
GrenderG/Toasty,1,0,0,0,0,0,0,0,0,0
impress/impress.js,9,5,5,5,5,5,5,4,3,3
invertase/react-native-firebase,44,33,28,24,18,13,9,7,6,6
trailofbits/algo,0,0,0,0,0,0,0,0,0,0
apple/swift-corelibs-foundation,0,0,0,0,0,0,0,0,0,0
purescript/purescript,68,58,52,47,38,33,33,32,30,27
keras-team/autokeras,12,10,5,3,2,1,1,1,1,1
HubSpot/vex,14,4,1,1,0,0,0,0,0,0
php-fig/http-message,4,1,1,1,1,1,1,0,0,0
ehazlett/shipyard,4,4,3,2,2,0,0,0,0,0
code4craft/webmagic,20,19,18,15,13,12,11,7,6,5
klange/toaruos,43,40,39,5,4,4,3,2,2,2
CocoaLumberjack/CocoaLumberjack,41,37,34,32,29,28,24,22,20,20
jsonmodel/jsonmodel,2,0,0,0,0,0,0,0,0,0
google-deepmind/mujoco,8,4,2,2,2,1,0,0,0,0
OpenEmu/OpenEmu,0,0,0,0,0,0,0,0,0,0
marmelab/react-admin,245,243,235,227,218,205,193,177,161,139
lpereira/lwan,0,0,0,0,0,0,0,0,0,0
patrickmn/go-cache,0,0,0,0,0,0,0,0,0,0
apple/ml-stable-diffusion,0,0,0,0,0,0,0,0,0,0
google/or-tools,22,18,13,9,5,5,4,4,4,4
gabrielbull/react-desktop,1,1,1,1,0,0,0,0,0,0
postmanlabs/httpbin,0,0,0,0,0,0,0,0,0,0
facebookresearch/ParlAI,21,20,19,19,19,18,18,18,17,16
ninjaprox/NVActivityIndicatorView,27,9,2,0,0,0,0,0,0,0
open-source-parsers/jsoncpp,10,5,2,2,2,2,1,1,1,1
facebook/hhvm,0,0,0,0,0,0,0,0,0,0
imbushuo/mac-precision-touchpad,7,3,2,1,1,1,1,1,1,0
mislav/will_paginate,1,1,1,0,0,0,0,0,0,0
microsoft/MMdnn,7,7,7,7,0,0,0,0,0,0
skylot/jadx,19,19,18,18,18,18,18,18,18,18
ReactiveX/RxAndroid,7,1,1,1,0,0,0,0,0,0
open-mmlab/mmdetection,50,50,47,47,44,43,43,43,42,41
serverless/serverless,345,317,297,259,251,245,220,215,207,183
brendangregg/perf-tools,0,0,0,0,0,0,0,0,0,0
huggingface/accelerate,31,27,24,22,22,22,22,21,21,21
lutris/lutris,1,1,1,0,0,0,0,0,0,0
google/filament,26,10,10,6,5,5,3,2,2,2
naman14/Timber,0,0,0,0,0,0,0,0,0,0
fmtlib/fmt,42,38,35,33,31,28,25,25,24,24
appbaseio/dejavu,35,21,16,12,10,9,9,7,5,3
elastic/elasticsearch-php,49,36,28,23,20,16,14,11,7,4
zetbaitsu/Compressor,2,0,0,0,0,0,0,0,0,0
Netflix/Hystrix,71,55,45,41,30,26,25,19,15,14
kivy/python-for-android,13,13,13,12,12,11,11,11,11,11
Quick/Quick,33,25,20,19,18,16,15,13,13,12
pyenv/pyenv-virtualenv,5,4,4,3,2,2,2,2,2,2
plotly/falcon,12,10,8,8,5,2,2,2,2,2
inorganik/countUp.js,6,1,0,0,0,0,0,0,0,0
bizz84/SwiftyStoreKit,45,30,17,9,6,5,5,5,4,2
vuejs/devtools,72,65,57,49,46,40,37,34,29,26
sysown/proxysql,92,89,86,81,79,78,76,74,73,71
twbs/icons,31,30,29,27,27,25,25,24,22,22
duo-labs/cloudmapper,11,8,7,5,4,3,2,2,2,1
dilame/instagram-private-api,0,0,0,0,0,0,0,0,0,0
google/flexbox-layout,20,15,11,7,3,3,3,2,1,1
digininja/DVWA,0,0,0,0,0,0,0,0,0,0
realm/realm-js,184,144,113,90,71,61,48,41,35,25
benbjohnson/litestream,5,4,4,3,3,3,3,3,2,2
JakeLin/SwiftLanguageWeather,0,0,0,0,0,0,0,0,0,0
leemunroe/responsive-html-email-template,2,1,1,1,0,0,0,0,0,0
42wim/matterbridge,99,83,68,63,59,48,40,34,30,26
pugjs/pug,18,11,4,1,1,1,0,0,0,0
apple/swift-package-manager,0,0,0,0,0,0,0,0,0,0
microsoft/WSL2-Linux-Kernel,1,1,0,0,0,0,0,0,0,0
iSoron/uhabits,9,8,6,5,4,3,3,3,2,2
plouc/nivo,43,41,38,36,29,27,26,25,24,23
containers/podman,104,95,89,79,74,68,65,63,63,62
needim/noty,20,9,4,3,2,2,1,1,0,0
H-M-H/Weylus,0,0,0,0,0,0,0,0,0,0
doctrine/common,36,28,18,16,12,10,8,7,6,6
vuejs/core,3,2,2,2,1,1,1,1,1,1
asaskevich/govalidator,1,1,1,1,1,1,1,1,1,1
HandBrake/HandBrake,10,7,7,7,7,7,7,7,7,5
miguelgrinberg/Flask-SocketIO,0,0,0,0,0,0,0,0,0,0
Netflix/chaosmonkey,0,0,0,0,0,0,0,0,0,0
raphw/byte-buddy,0,0,0,0,0,0,0,0,0,0
nicolargo/glances,33,29,26,26,25,25,24,24,23,20
sindresorhus/execa,30,22,14,6,4,4,3,3,3,3
resque/resque,8,8,6,5,5,5,5,3,3,2
google/grafika,0,0,0,0,0,0,0,0,0,0
facebook/folly,0,0,0,0,0,0,0,0,0,0
valor-software/ngx-bootstrap,99,99,85,81,77,75,63,59,39,38
tensorflow/tfjs,87,83,81,80,78,78,75,73,71,69
UnityTechnologies/open-project-1,0,0,0,0,0,0,0,0,0,0
cloudwu/skynet,1,0,0,0,0,0,0,0,0,0
aboul3la/Sublist3r,1,1,1,1,0,0,0,0,0,0
hrsh7th/nvim-cmp,0,0,0,0,0,0,0,0,0,0
liamg/traitor,3,1,0,0,0,0,0,0,0,0
aurelia/framework,44,42,24,22,16,16,9,9,7,6
ducksboard/gridster.js,0,0,0,0,0,0,0,0,0,0
brendangregg/FlameGraph,1,1,1,1,1,1,1,1,1,0
dropzone/dropzone,18,6,5,5,4,4,2,2,2,1
probml/pyprobml,0,0,0,0,0,0,0,0,0,0
processone/ejabberd,4,4,4,4,4,4,4,4,3,3
Raathigesh/majestic,10,7,6,3,2,2,2,1,0,0
restsharp/RestSharp,19,15,14,13,8,7,6,5,4,4
shadowsocks/shadowsocks-iOS,0,0,0,0,0,0,0,0,0,0
hashicorp/nomad,127,105,98,92,87,82,80,76,74,71
kubernetes/dashboard,41,35,31,29,26,23,20,19,18,17
cure53/DOMPurify,11,1,1,1,1,0,0,0,0,0
Tapadoo/Alerter,0,0,0,0,0,0,0,0,0,0
micropython/micropython,9,7,6,4,3,1,1,1,0,0
NationalSecurityAgency/ghidra,0,0,0,0,0,0,0,0,0,0
hiloteam/Hilo,25,25,17,14,9,8,4,4,4,4
citusdata/citus,0,0,0,0,0,0,0,0,0,0
IvanGoncharov/graphql-voyager,6,4,4,4,4,4,4,3,3,3
jesseduffield/lazygit,107,79,64,53,50,46,42,38,31,29
dylanaraps/pywal,7,2,1,0,0,0,0,0,0,0
ionic-team/ionicons,38,28,16,10,6,6,5,3,3,3
ytdl-org/youtube-dl,315,302,294,281,267,254,240,221,195,173
FormidableLabs/victory,91,38,23,18,17,14,13,12,10,10
mopidy/mopidy,7,6,5,4,4,3,2,2,2,2
RestKit/RestKit,6,4,2,2,2,1,1,0,0,0
google/tink,7,0,0,0,0,0,0,0,0,0
vysheng/tg,0,0,0,0,0,0,0,0,0,0
ntop/ntopng,0,0,0,0,0,0,0,0,0,0
mattn/go-sqlite3,2,2,2,2,2,2,2,2,2,2
angular/components,404,404,403,398,376,375,369,369,349,346
OptimalBits/bull,64,64,27,3,2,1,1,1,1,1
callmecavs/layzr.js,1,0,0,0,0,0,0,0,0,0
spring-projects/spring-security,158,149,147,143,139,136,133,131,126,123
andlabs/libui,3,0,0,0,0,0,0,0,0,0
ekzhang/bore,7,6,5,5,3,2,1,1,1,1
PeterL1n/RobustVideoMatting,0,0,0,0,0,0,0,0,0,0
lwouis/alt-tab-macos,0,0,0,0,0,0,0,0,0,0
npm/cli,468,468,416,347,320,294,269,253,228,214
borisdayma/dalle-mini,2,2,2,2,2,2,2,2,2,2
H07000223/FlycoTabLayout,0,0,0,0,0,0,0,0,0,0
mifi/lossless-cut,36,32,27,22,20,18,16,12,11,11
jart/blink,1,1,1,1,1,1,1,1,1,1
hirak/prestissimo,29,9,2,1,1,1,1,1,0,0
dokku/dokku,243,203,179,160,148,137,127,117,105,97
kimmobrunfeldt/progressbar.js,2,1,1,1,1,0,0,0,0,0
mrdoob/three.js,87,86,86,86,86,86,86,86,86,86
sindresorhus/pure,34,29,14,13,11,7,5,5,4,4
Dreamacro/clash,41,38,33,28,25,19,9,8,8,5
assimp/assimp,21,19,19,19,19,18,15,14,13,13
PCSX2/pcsx2,2889,4,0,0,0,0,0,0,0,0
encode/httpx,38,32,23,22,15,14,11,8,8,7
eclipse/che,52,49,45,40,34,32,28,24,20,20
facebook/rocksdb,47,24,16,12,10,9,4,4,3,3
octobercms/october,0,0,0,0,0,0,0,0,0,0
soimort/you-get,42,42,8,4,2,2,1,0,0,0
AudioKit/AudioKit,4,1,1,1,1,1,1,1,1,1
ether/etherpad-lite,10,6,2,2,1,1,1,1,0,0
klzgrad/naiveproxy,26,3,1,1,1,0,0,0,0,0
valinet/ExplorerPatcher,224,215,190,175,162,159,149,136,122,109
micro/micro,44,33,26,24,22,21,21,21,21,20
hashicorp/raft,11,8,4,0,0,0,0,0,0,0
go-swagger/go-swagger,38,36,35,35,34,34,34,34,33,33
hql287/Manta,4,4,3,3,3,3,2,2,2,2
knadh/listmonk,28,24,24,24,24,21,21,21,20,20
i-tu/Hasklig,2,2,1,1,0,0,0,0,0,0
flarum/flarum,7,5,2,2,1,1,1,1,1,1
Netflix/zuul,2,2,2,1,0,0,0,0,0,0
google/re2,0,0,0,0,0,0,0,0,0,0
doctrine/collections,25,17,11,8,7,6,6,6,5,4
jquery/jquery-ui,0,0,0,0,0,0,0,0,0,0
MichaelMure/git-bug,6,6,6,3,3,2,1,1,1,1
sheerun/vim-polyglot,44,36,28,27,21,19,17,17,15,15
seanmonstar/warp,6,5,3,3,3,2,2,2,2,2
elastic/logstash,0,0,0,0,0,0,0,0,0,0
dataarts/dat.gui,10,7,4,4,4,1,0,0,0,0
containers/skopeo,17,12,8,6,6,6,5,5,5,4
moq/moq4,38,26,23,20,18,14,13,12,12,12
tiangolo/typer,24,21,19,15,13,11,8,4,4,4
esimov/caire,7,1,1,0,0,0,0,0,0,0
espressif/arduino-esp32,41,41,40,39,39,39,38,36,36,36
developit/mitt,7,6,3,2,0,0,0,0,0,0
hashicorp/terraform,181,159,135,125,111,98,81,72,60,56
balena-io/etcher,103,41,31,28,6,3,2,2,1,1
Automattic/mongoose,105,105,101,96,91,86,82,74,66,64
atlassian/react-beautiful-dnd,65,56,46,40,33,27,27,22,21,19
SBoudrias/Inquirer.js,21,6,3,3,1,0,0,0,0,0
eslint/eslint,302,300,296,291,283,277,272,266,263,258
grafana/k6,51,46,43,41,37,37,36,33,32,32
howdyai/botkit,5,1,0,0,0,0,0,0,0,0
dmytrodanylyk/circular-progress-button,2,2,2,2,2,2,2,2,2,2
pandas-dev/pandas,9,6,6,2,2,0,0,0,0,0
aFarkas/html5shiv,0,0,0,0,0,0,0,0,0,0
stefanprodan/dockprom,0,0,0,0,0,0,0,0,0,0
spf13/afero,7,4,3,2,2,2,0,0,0,0
facebook/jscodeshift,30,17,10,5,3,2,2,2,1,1
microsoft/reactxp,5,2,1,1,1,1,1,1,1,0
openssl/openssl,0,0,0,0,0,0,0,0,0,0
muaz-khan/RecordRTC,38,19,14,9,7,3,2,2,2,2
deviantony/docker-elk,4,3,3,3,3,3,3,3,0,0
roots/bedrock,57,25,20,10,7,4,2,1,1,1
Bearded-Hen/Android-Bootstrap,0,0,0,0,0,0,0,0,0,0
shadowsocks/shadowsocks,0,0,0,0,0,0,0,0,0,0
IanLunn/Hover,0,0,0,0,0,0,0,0,0,0
tsl0922/ttyd,23,23,21,20,19,17,16,15,14,14
airbnb/mavericks,26,20,16,8,7,5,4,3,2,1
phar-io/manifest,0,0,0,0,0,0,0,0,0,0
locustio/locust,80,63,49,41,32,27,22,21,20,16
mholt/PapaParse,4,2,1,0,0,0,0,0,0,0
NorthwoodsSoftware/GoJS,2,1,0,0,0,0,0,0,0,0
sj26/mailcatcher,10,7,5,4,3,2,2,2,2,2
tuupola/lazyload,1,1,1,1,0,0,0,0,0,0
kubernetes/ingress-nginx,73,56,46,41,37,32,27,26,26,26
RicoSuter/NSwag,52,34,24,17,15,13,13,11,9,6
billryan/resume,0,0,0,0,0,0,0,0,0,0
HIPS/autograd,0,0,0,0,0,0,0,0,0,0
1N3/Sn1per,1,0,0,0,0,0,0,0,0,0
microsoft/VFSForGit,9,8,6,5,5,4,4,2,1,1
julienschmidt/httprouter,1,1,1,1,1,1,1,1,1,0
apache/dolphinscheduler,45,44,44,42,41,41,41,40,39,38
WickyNilliams/headroom.js,0,0,0,0,0,0,0,0,0,0
imagemin/imagemin,6,5,2,2,1,1,1,0,0,0
capstone-engine/capstone,7,6,6,6,4,4,4,4,4,4
insin/nwb,63,38,30,25,23,20,18,16,14,12
stanfordnlp/GloVe,0,0,0,0,0,0,0,0,0,0
frohoff/ysoserial,0,0,0,0,0,0,0,0,0,0
iperov/DeepFaceLab,1,1,0,0,0,0,0,0,0,0
Hacker0x01/react-datepicker,33,22,18,14,13,10,9,9,6,5
lucidrains/DALLE-pytorch,0,0,0,0,0,0,0,0,0,0
crazycodeboy/react-native-splash-screen,7,6,5,3,3,2,2,1,1,0
riccardoscalco/textures,3,2,1,1,1,1,1,1,1,1
sdispater/pendulum,6,5,4,4,4,4,4,2,2,2
TerryCavanagh/VVVVVV,0,0,0,0,0,0,0,0,0,0
uNetworking/uWebSockets,11,9,8,5,3,3,2,2,2,2
Grsmto/simplebar,18,13,11,7,4,2,2,1,1,1
api-platform/api-platform,11,8,5,3,3,3,2,2,2,2
desandro/imagesloaded,3,1,1,1,1,1,1,1,0,0
gorakhargosh/watchdog,33,28,22,17,13,7,5,3,3,3
prisma/prisma,161,133,119,110,105,102,101,99,99,98
vi/websocat,4,0,0,0,0,0,0,0,0,0
michaelvillar/dynamics.js,1,1,1,0,0,0,0,0,0,0
google/sentencepiece,1,1,1,1,0,0,0,0,0,0
plotly/dash,62,53,47,44,43,38,34,29,27,25
nopSolutions/nopCommerce,0,0,0,0,0,0,0,0,0,0
longld/peda,0,0,0,0,0,0,0,0,0,0
JetBrains/compose-multiplatform,27,25,25,21,21,21,15,13,12,11
myliang/x-spreadsheet,2,1,0,0,0,0,0,0,0,0
tealeg/xlsx,8,5,4,3,1,1,1,1,1,1
mgonto/restangular,2,2,2,2,2,2,2,2,2,2
auduno/clmtrackr,4,4,1,1,0,0,0,0,0,0
sindresorhus/got,121,101,75,65,51,39,32,29,23,23
wilsonpage/fastdom,0,0,0,0,0,0,0,0,0,0
apprenticeharper/DeDRM_tools,1,1,1,0,0,0,0,0,0,0
dpkp/kafka-python,18,18,17,16,15,15,15,14,14,13
OctoPrint/OctoPrint,129,119,100,86,71,65,61,56,49,46
bda-research/node-crawler,2,1,0,0,0,0,0,0,0,0
codertimo/BERT-pytorch,0,0,0,0,0,0,0,0,0,0
greenrobot/EventBus,3,2,1,1,1,1,1,0,0,0
jaredpalmer/tsdx,42,37,35,33,32,30,26,24,22,20
FredKSchott/snowpack,65,55,43,38,32,31,28,23,20,18
jaywcjlove/hotkeys-js,68,60,41,30,24,18,12,10,8,8
VincentGarreau/particles.js,0,0,0,0,0,0,0,0,0,0
vercel/vercel,1133,689,485,362,275,225,184,151,134,124
russross/blackfriday,5,5,3,3,3,3,3,3,2,1
Delgan/loguru,17,13,12,6,5,5,5,5,5,4
keybase/client,2,0,0,0,0,0,0,0,0,0
wader/fq,18,18,18,18,18,18,18,18,18,18
dropbox/zxcvbn,1,0,0,0,0,0,0,0,0,0
roughike/BottomBar,2,1,1,1,1,1,1,0,0,0
antlr/antlr4,27,25,25,24,23,23,23,23,23,21
Squirrel/Squirrel.Windows,43,28,19,14,7,2,1,0,0,0
jwtk/jjwt,0,0,0,0,0,0,0,0,0,0
lecho/hellocharts-android,4,1,0,0,0,0,0,0,0,0
ansible-semaphore/semaphore,75,59,46,43,38,32,29,27,25,21
jgraph/drawio-desktop,32,22,11,7,4,2,2,0,0,0
tensorflow/models,3,1,0,0,0,0,0,0,0,0
kamranahmedse/driver.js,6,3,2,2,0,0,0,0,0,0
FreshRSS/FreshRSS,46,31,30,29,27,27,26,26,26,23
symfony/finder,37,9,5,3,2,2,1,1,1,1
samratashok/nishang,0,0,0,0,0,0,0,0,0,0
visualfc/liteide,7,3,0,0,0,0,0,0,0,0
lancedikson/bowser,14,13,3,3,2,2,2,1,1,0
Anuken/Mindustry,0,0,0,0,0,0,0,0,0,0
abiosoft/colima,26,20,16,15,12,10,10,10,10,9
microsoft/react-native-code-push,28,15,10,7,5,3,2,2,2,2
lmenezes/cerebro,1,1,1,1,1,1,1,1,1,1
open-falcon/falcon-plus,2,2,2,2,2,2,2,2,2,2
chalk/chalk,25,20,9,7,6,6,6,6,4,4
redis/redis,52,45,40,35,30,29,28,26,24,23
Netflix/fast_jsonapi,1,1,1,1,1,1,1,0,0,0
objective-see/LuLu,17,13,9,5,3,0,0,0,0,0
fontforge/fontforge,9,7,4,3,3,3,3,3,2,2
lightningnetwork/lnd,99,46,42,40,39,38,38,37,37,36
iamkun/dayjs,115,115,88,72,65,64,56,53,49,43
sindresorhus/screenfull,14,5,1,1,1,0,0,0,0,0
matthewmueller/x-ray,1,0,0,0,0,0,0,0,0,0
PatrickJS/MFE-starter,0,0,0,0,0,0,0,0,0,0
ptmt/react-native-macos,5,5,5,5,5,3,2,2,2,2
t4t5/sweetalert,2,1,1,1,1,1,1,0,0,0
airbnb/lottie-android,19,13,10,9,6,5,4,3,3,3
facebookincubator/SocketRocket,0,0,0,0,0,0,0,0,0,0
Masterminds/squirrel,3,2,2,2,1,1,0,0,0,0
microsoft/cascadia-code,13,12,10,10,9,7,6,5,5,5
signalapp/Signal-iOS,7,0,0,0,0,0,0,0,0,0
google/gson,6,6,6,5,5,5,5,5,5,4
AI4Finance-Foundation/FinRL,0,0,0,0,0,0,0,0,0,0
redis/go-redis,11,10,8,7,5,5,5,3,3,3
gogo/protobuf,3,2,2,1,1,0,0,0,0,0
chrisbanes/cheesesquare,0,0,0,0,0,0,0,0,0,0
facebook/lexical,31,31,29,29,28,27,24,23,21,20
umano/AndroidSlidingUpPanel,0,0,0,0,0,0,0,0,0,0
uber/cadence,72,67,58,58,54,52,47,47,46,46
segmentio/kafka-go,20,16,15,14,12,11,10,10,7,6
jverdi/JVFloatLabeledTextField,0,0,0,0,0,0,0,0,0,0
php-fig/container,2,0,0,0,0,0,0,0,0,0
Y2Z/monolith,0,0,0,0,0,0,0,0,0,0
strongloop/loopback,2,2,2,2,2,2,2,2,2,1
msiemens/tinydb,8,4,3,2,1,0,0,0,0,0
stephencelis/SQLite.swift,4,4,2,1,1,1,0,0,0,0
flask-restful/flask-restful,0,0,0,0,0,0,0,0,0,0
babysor/MockingBird,0,0,0,0,0,0,0,0,0,0
juliangarnier/anime,11,10,8,8,8,7,5,5,5,3
tymondesigns/jwt-auth,17,7,5,4,2,1,0,0,0,0
cloudflare/cfssl,9,9,9,9,9,9,9,9,9,9
adobe-fonts/source-code-pro,7,3,3,3,3,2,2,1,1,0
hajimehoshi/ebiten,4,3,2,2,2,2,2,2,2,0
snare/voltron,0,0,0,0,0,0,0,0,0,0
mde/ejs,4,1,1,1,1,1,1,0,0,0
vercel/satori,54,54,54,26,8,7,7,5,4,4
groue/GRDB.swift,1,1,1,0,0,0,0,0,0,0
moroshko/react-autosuggest,31,9,4,1,1,1,0,0,0,0
jarun/buku,7,3,3,3,2,1,1,1,1,1
Jguer/yay,44,32,31,25,22,20,20,19,19,18
gregberge/svgr,66,66,55,42,38,36,32,27,23,18
onevcat/Kingfisher,146,88,55,30,19,10,5,3,3,3
nuysoft/Mock,7,4,3,0,0,0,0,0,0,0
aksonov/react-native-router-flux,8,5,3,2,1,1,1,1,1,1
reduxjs/redux-toolkit,93,73,62,53,41,35,31,25,21,19
peachananr/onepage-scroll,0,0,0,0,0,0,0,0,0,0
vikmeup/SCLAlertView-Swift,0,0,0,0,0,0,0,0,0,0
ant-design/ant-design,501,489,456,449,420,418,387,386,363,357
postcss/autoprefixer,41,36,36,10,6,2,2,2,2,2
dimsemenov/PhotoSwipe,14,7,3,3,1,1,1,1,1,1
AlDanial/cloc,4,0,0,0,0,0,0,0,0,0
odeke-em/drive,41,38,36,33,30,28,26,26,23,22
stretchr/testify,4,4,4,4,4,4,4,4,3,3
LMMS/lmms,18,17,16,16,16,16,16,16,16,14
wsdjeg/vim-galore-zh_cn,0,0,0,0,0,0,0,0,0,0
Nickersoft/push.js,4,3,3,1,1,0,0,0,0,0
matterport/Mask_RCNN,0,0,0,0,0,0,0,0,0,0
symfony/process,60,10,5,5,5,5,5,4,4,4
gogs/gogs,65,64,64,61,58,56,54,48,44,42
openai/openai-python,29,25,18,17,14,9,9,9,9,8
lz4/lz4,14,9,4,3,3,3,3,2,2,2
krallin/tini,11,3,0,0,0,0,0,0,0,0
nikic/PHP-Parser,19,11,4,1,0,0,0,0,0,0
springfox/springfox,12,12,12,12,12,12,12,12,11,11
microsoft/qlib,18,18,17,17,17,17,17,17,16,14
bobthecow/psysh,5,0,0,0,0,0,0,0,0,0
gorilla/mux,13,13,11,10,9,9,9,8,7,7
mledoze/countries,13,8,5,4,3,3,2,2,1,1
sindresorhus/fkill-cli,6,4,1,0,0,0,0,0,0,0
priyankavergadia/google-cloud-4-words,1,0,0,0,0,0,0,0,0,0
johnkerl/miller,47,29,26,21,19,16,15,12,12,11
oclif/oclif,396,395,270,93,70,34,27,18,14,9
shadowsocks/shadowsocks-windows,26,21,12,10,9,6,4,3,2,2
microsoft/react-native-windows,376,257,143,95,65,44,29,22,16,14
SonarSource/sonarqube,11,11,0,0,0,0,0,0,0,0
reactjs/react-transition-group,27,27,26,7,2,2,1,0,0,0
junegunn/fzf,8,6,3,1,0,0,0,0,0,0
gperftools/gperftools,16,8,3,3,2,1,0,0,0,0
shutterstock/rickshaw,0,0,0,0,0,0,0,0,0,0
fideloper/TrustedProxy,9,3,1,0,0,0,0,0,0,0
yujincheng08/BiliRoaming,5,4,1,0,0,0,0,0,0,0
KeepSafe/TapTargetView,20,18,17,17,14,13,12,11,9,8
SnapKit/SnapKit,3,3,3,2,1,0,0,0,0,0
rails-api/active_model_serializers,0,0,0,0,0,0,0,0,0,0
zenoamaro/react-quill,12,4,4,3,2,1,1,0,0,0
fulldecent/system-bus-radio,0,0,0,0,0,0,0,0,0,0
rack/rack-attack,17,8,4,3,2,2,1,1,1,1
thoughtbot/administrate,25,23,20,19,19,19,19,18,18,18
flutter/flutter,3,3,3,3,3,3,3,3,3,3
TechEmpower/FrameworkBenchmarks,4,4,0,0,0,0,0,0,0,0
tidwall/tile38,83,76,70,63,56,46,38,33,28,24
smartystreets/goconvey,7,5,4,4,4,3,3,3,3,1
apache/beam,31,31,31,14,12,12,11,11,10,10
containers/buildah,39,22,18,11,8,6,6,6,6,6
asciimoo/wuzz,0,0,0,0,0,0,0,0,0,0
prevwong/craft.js,23,10,6,3,3,2,1,1,1,1
zsh-users/zsh-completions,0,0,0,0,0,0,0,0,0,0
wangyu-/udp2raw,11,4,1,0,0,0,0,0,0,0
symfony/event-dispatcher,30,7,3,2,2,2,2,2,1,1
fogleman/Craft,0,0,0,0,0,0,0,0,0,0
ccgus/fmdb,1,1,1,0,0,0,0,0,0,0
WebAssembly/wabt,3,0,0,0,0,0,0,0,0,0
Yalantis/Koloda,0,0,0,0,0,0,0,0,0,0
syncthing/syncthing,338,308,292,268,246,224,203,173,142,122
jessepollak/card,5,1,0,0,0,0,0,0,0,0
iovisor/bpftrace,22,16,15,15,15,15,15,15,15,15
sarcadass/granim.js,0,0,0,0,0,0,0,0,0,0
oldj/SwitchHosts,31,19,16,11,8,5,4,3,3,3
microsoft/azuredatastudio,84,77,72,71,68,67,67,40,36,28
gilbarbara/react-joyride,54,42,34,22,13,8,5,5,5,4
BurntSushi/xsv,0,0,0,0,0,0,0,0,0,0
exelban/stats,163,144,120,91,69,48,34,23,14,3
rust-lang/rustlings,33,6,5,5,5,5,3,1,1,0
smicallef/spiderfoot,0,0,0,0,0,0,0,0,0,0
nodemailer/nodemailer,2,2,1,1,0,0,0,0,0,0
baldurk/renderdoc,29,27,26,21,21,21,20,20,20,16
rey5137/material,0,0,0,0,0,0,0,0,0,0
zsh-users/antigen,28,28,26,25,22,20,17,15,11,10
versatica/mediasoup,14,2,1,0,0,0,0,0,0,0
OJ/gobuster,2,2,1,1,1,1,1,1,1,1
valyala/fasthttp,53,51,50,46,44,42,40,38,37,35
jart/cosmopolitan,12,12,11,9,8,7,7,7,7,6
graphql/graphql-playground,40,29,23,18,15,14,13,13,11,9
dotnet/core,2,1,1,0,0,0,0,0,0,0
halide/Halide,14,11,8,8,8,8,8,8,8,8
mobxjs/mobx,91,89,82,44,25,21,14,11,9,9
BrowserSync/browser-sync,31,22,18,15,12,11,6,6,5,5
stylus/stylus,10,6,5,5,4,1,1,1,1,1
jgilfelt/SystemBarTint,0,0,0,0,0,0,0,0,0,0
myclabs/DeepCopy,29,13,3,2,1,1,1,1,1,1
docker/docker-ce,122,122,122,122,120,120,120,120,120,120
robbiehanson/CocoaAsyncSocket,11,10,8,6,5,3,2,1,0,0
majodev/google-webfonts-helper,2,2,2,1,0,0,0,0,0,0
dotnet/orleans,115,101,91,85,84,78,72,69,68,67
twbs/bootstrap,60,46,43,42,41,40,40,40,40,40
serbanghita/Mobile-Detect,0,0,0,0,0,0,0,0,0,0
yujiosaka/headless-chrome-crawler,0,0,0,0,0,0,0,0,0,0
red/red,0,0,0,0,0,0,0,0,0,0
dtm-labs/dtm,18,8,0,0,0,0,0,0,0,0
iview/iview-admin,18,17,14,14,10,10,9,9,8,8
goldfire/howler.js,21,20,18,13,10,9,6,4,2,2
FastLED/FastLED,3,2,2,1,0,0,0,0,0,0
guzzle/guzzle,12,10,8,6,4,4,3,2,1,1
mozilla/mozjpeg,2,1,1,1,0,0,0,0,0,0
Shopify/draggable,4,4,4,2,2,2,1,1,1,1
google/EarlGrey,36,36,6,2,0,0,0,0,0,0
nodejs/node-gyp,11,11,11,11,11,10,9,8,8,7
NaturalNode/natural,0,0,0,0,0,0,0,0,0,0
mitsuhiko/rye,15,14,13,12,8,6,5,2,1,1
fatih/color,11,2,2,2,2,1,1,0,0,0
facebookresearch/detr,1,1,1,1,1,1,1,1,1,1
thephpleague/omnipay,1,1,0,0,0,0,0,0,0,0
sqlalchemy/sqlalchemy,154,152,146,137,131,121,114,102,97,90
nodemcu/nodemcu-firmware,14,12,10,7,5,4,4,3,3,3
apache/druid,47,44,41,39,38,38,37,36,36,32
medialize/URI.js,36,24,15,11,8,3,1,1,1,1
nanomsg/nanomsg,0,0,0,0,0,0,0,0,0,0
iview/iview,77,73,61,58,50,49,45,44,38,35
rwaldron/johnny-five,74,73,60,53,49,45,41,38,34,33
apidoc/apidoc,41,30,24,18,15,11,10,8,6,4
seatgeek/fuzzywuzzy,8,2,1,0,0,0,0,0,0,0
wechaty/wechaty,16,15,14,14,13,13,13,12,12,11
saulpw/visidata,18,12,11,9,8,8,7,6,5,5
apache/shardingsphere-elasticjob,21,20,20,18,17,14,9,6,5,5
netdata/netdata,63,58,56,56,55,55,52,50,48,46
google-deepmind/pysc2,0,0,0,0,0,0,0,0,0,0
d3/d3,40,18,13,7,6,6,6,6,6,6
osxfuse/osxfuse,39,21,9,1,1,0,0,0,0,0
hyperledger/fabric,44,37,35,34,34,34,34,34,34,34
akveo/blur-admin,1,1,0,0,0,0,0,0,0,0
amsul/pickadate.js,0,0,0,0,0,0,0,0,0,0
javve/list.js,4,3,3,3,2,1,0,0,0,0
necolas/react-native-web,15,15,14,12,12,11,11,10,10,10
danielmiessler/SecLists,0,0,0,0,0,0,0,0,0,0
fikovnik/ShiftIt,6,4,4,3,2,2,2,2,2,2
aws/serverless-application-model,73,62,52,48,46,44,40,39,38,37
pillarjs/path-to-regexp,3,3,2,1,1,1,1,1,0,0
cypress-io/cypress,242,164,141,130,120,107,101,93,83,77
SignalR/SignalR,28,27,22,21,20,18,18,18,18,18
jverkoey/nimbus,0,0,0,0,0,0,0,0,0,0
MithrilJS/mithril.js,25,19,15,15,13,12,12,12,12,12
gevent/gevent,11,9,7,3,3,3,1,1,1,0
ShareX/ShareX,0,0,0,0,0,0,0,0,0,0
janpaepke/ScrollMagic,5,1,0,0,0,0,0,0,0,0
dogecoin/dogecoin,1,0,0,0,0,0,0,0,0,0
trazyn/weweChat,5,3,2,1,0,0,0,0,0,0
WordPress/gutenberg,377,302,278,267,260,255,254,253,253,253
google/web-starter-kit,5,4,4,3,2,1,1,1,1,1
beego/beego,21,15,15,14,13,11,11,11,10,10
PanJiaChen/vue-element-admin,33,33,31,31,26,25,23,23,18,17
presidentbeef/brakeman,53,38,31,22,9,6,5,2,0,0
powerline/fonts,0,0,0,0,0,0,0,0,0,0
cloudflare/quiche,1,0,0,0,0,0,0,0,0,0
github/semantic,0,0,0,0,0,0,0,0,0,0
netblue30/firejail,4,4,4,4,4,4,4,4,4,4
popcorn-official/popcorn-desktop,0,0,0,0,0,0,0,0,0,0
vercel/serve,142,80,53,36,18,14,9,7,5,4
vercel/ncc,81,62,49,37,29,22,16,10,8,7
googlecreativelab/anypixel,0,0,0,0,0,0,0,0,0,0
lua/lua,0,0,0,0,0,0,0,0,0,0
mattboldt/typed.js,1,0,0,0,0,0,0,0,0,0
Chocobozzz/PeerTube,42,37,32,28,28,28,28,27,23,21
electron/electron,1048,971,881,816,747,678,615,539,489,437
panjf2000/ants,11,9,8,8,7,6,5,5,4,4
java-decompiler/jd-gui,4,2,1,1,1,0,0,0,0,0
pockethub/PocketHub,0,0,0,0,0,0,0,0,0,0
vega/vega,59,44,30,20,16,13,8,8,7,4
qvacua/vimr,46,11,2,1,1,0,0,0,0,0
fschutt/azul,1,1,1,1,1,1,1,1,1,1
imsnif/bandwhich,15,11,9,5,5,5,4,3,3,3
taosdata/TDengine,79,75,73,71,65,61,59,54,49,45
mrdoob/stats.js,1,0,0,0,0,0,0,0,0,0
FormidableLabs/spectacle,26,13,9,6,6,5,3,3,3,3
vuejs/vue-class-component,19,17,13,5,4,4,4,4,3,0
rust-lang/rustfmt,9,4,4,4,3,3,3,3,3,3
beefproject/beef,4,4,3,3,3,2,1,1,1,1
ValveSoftware/openvr,44,4,3,1,1,1,1,1,1,0
sdkman/sdkman-cli,21,13,12,10,8,6,6,5,5,5
gcanti/io-ts,59,7,1,0,0,0,0,0,0,0
apache/openwhisk,1,1,1,1,1,1,1,1,1,1
snail007/goproxy,0,0,0,0,0,0,0,0,0,0
nagadomi/waifu2x,1,0,0,0,0,0,0,0,0,0
NLog/NLog,98,91,84,79,73,67,61,56,51,50
b4winckler/macvim,1,0,0,0,0,0,0,0,0,0
microsoft/Bringing-Old-Photos-Back-to-Life,0,0,0,0,0,0,0,0,0,0
jerryjliu/llama_index,0,0,0,0,0,0,0,0,0,0
adobe-fonts/source-han-sans,2,2,2,2,0,0,0,0,0,0
lebinh/ngxtop,0,0,0,0,0,0,0,0,0,0
day8/re-frame,17,10,4,2,2,1,0,0,0,0
encode/uvicorn,33,25,20,18,15,15,11,10,9,7
gokcehan/lf,4,4,4,4,4,3,3,3,3,3
lib/pq,0,0,0,0,0,0,0,0,0,0
statsmodels/statsmodels,0,0,0,0,0,0,0,0,0,0
ninja-build/ninja,1,0,0,0,0,0,0,0,0,0
SublimeText/Spacegray,0,0,0,0,0,0,0,0,0,0
developit/htm,8,5,4,3,3,3,2,1,1,1
GavinZhuLei/vue-form-making,1,1,0,0,0,0,0,0,0,0
FormidableLabs/webpack-dashboard,11,8,4,3,2,2,1,1,0,0
Azure/azure-quickstart-templates,0,0,0,0,0,0,0,0,0,0
dhg/Skeleton,2,2,2,2,2,0,0,0,0,0
ethereum/go-ethereum,140,131,127,119,110,105,96,85,83,75
BurntSushi/ripgrep,22,18,18,17,16,16,16,14,14,12
pa7/heatmap.js,0,0,0,0,0,0,0,0,0,0
huggingface/pytorch-image-models,4,1,1,0,0,0,0,0,0,0
Yalantis/uCrop,3,3,0,0,0,0,0,0,0,0
LMAX-Exchange/disruptor,4,1,0,0,0,0,0,0,0,0
cucumber/cucumber-ruby,6,6,5,5,5,4,1,1,1,1
CoderMJLee/MJExtension,4,2,2,1,1,1,1,1,0,0
openstf/stf,2,1,1,1,1,1,1,1,1,1
aws/aws-cli,0,0,0,0,0,0,0,0,0,0
Shopify/polaris,569,537,448,339,311,278,227,214,189,158
NodeBB/NodeBB,123,114,110,106,101,101,100,99,93,88
rsms/inter,34,31,30,27,20,18,13,11,10,7
peers/peerjs,19,19,17,12,10,9,6,5,5,5
tweepy/tweepy,27,25,25,25,25,24,23,23,20,18
facebook/react,63,56,45,42,40,37,35,30,28,26
alrra/browser-logos,366,366,200,191,116,111,78,77,61,58
google/model-viewer,51,45,40,35,33,31,30,28,26,25
elazarl/goproxy,0,0,0,0,0,0,0,0,0,0
cockpit-project/cockpit,31,30,16,16,8,8,6,6,1,1
healthchecks/healthchecks,33,30,28,24,16,14,8,5,3,2
magicalpanda/MagicalRecord,0,0,0,0,0,0,0,0,0,0
facebook/zstd,28,21,17,16,15,13,12,11,11,10
cmderdev/cmder,21,19,18,15,15,15,14,11,11,11
thephpleague/flysystem,1,1,1,1,1,1,1,1,1,1
daimajia/NumberProgressBar,1,0,0,0,0,0,0,0,0,0
kevinzhow/PNChart,0,0,0,0,0,0,0,0,0,0
open-mmlab/mmsegmentation,42,40,38,37,36,36,34,33,33,30
denisidoro/navi,38,29,22,16,11,10,10,8,8,6
tiangolo/sqlmodel,7,4,4,4,3,3,3,2,1,1
infernojs/inferno,93,49,25,15,7,6,5,5,5,2
avast/retdec,4,2,2,2,2,1,1,1,1,1
doctrine/cache,38,23,19,14,13,10,9,8,7,4
path/FastImageCache,0,0,0,0,0,0,0,0,0,0
weaveworks/weave,69,68,61,58,52,51,45,44,39,39
boostorg/boost,0,0,0,0,0,0,0,0,0,0
rethinkdb/rethinkdb,71,68,66,64,58,54,51,48,46,39
99designs/aws-vault,58,42,31,24,18,16,16,15,13,8
spencermountain/compromise,26,16,7,2,2,2,0,0,0,0
vercel/commerce,1,0,0,0,0,0,0,0,0,0
facebook/prophet,4,3,0,0,0,0,0,0,0,0
vercel/micro,48,32,25,20,14,11,10,9,9,8
phar-io/version,4,2,0,0,0,0,0,0,0,0
desandro/masonry,16,4,1,0,0,0,0,0,0,0
yonaskolb/XcodeGen,66,60,52,45,38,27,25,23,21,17
horst3180/arc-theme,0,0,0,0,0,0,0,0,0,0
google/jsonnet,4,1,1,1,1,0,0,0,0,0
projectdiscovery/katana,7,7,7,7,7,7,7,5,5,5
neo4j/neo4j,13,7,4,3,2,2,1,1,1,1
rt2zz/redux-persist,4,3,3,3,3,3,3,3,2,2
MikeMcl/bignumber.js,0,0,0,0,0,0,0,0,0,0
vadimdemedes/ink,49,40,29,26,15,13,8,6,4,4
git-up/GitUp,8,7,6,3,3,2,1,0,0,0
wbkd/react-flow,212,186,141,112,89,73,58,52,43,39
google/brotli,1,1,1,0,0,0,0,0,0,0
uber/kraken,1,1,1,1,1,1,1,1,1,1
SeleniumHQ/selenium,86,86,85,85,85,85,85,85,85,85
magicmonty/bash-git-prompt,3,2,1,1,1,1,0,0,0,0
encode/starlette,30,22,18,14,12,9,6,6,5,4
gunthercox/ChatterBot,68,55,48,31,24,18,17,15,14,11
hashicorp/consul,150,136,126,115,108,99,92,84,79,71
robbiehanson/XMPPFramework,1,1,1,1,1,1,0,0,0,0
symfony/translation,81,40,22,15,9,6,4,2,2,1
universal-ctags/ctags,1,1,1,1,1,1,1,1,1,1
Activiti/Activiti,44,28,15,13,12,10,9,7,6,4
EduardoPires/EquinoxProject,2,0,0,0,0,0,0,0,0,0
airbnb/lottie-ios,19,18,17,17,16,16,14,13,12,12
Koenkk/zigbee2mqtt,86,72,70,68,68,65,64,63,63,62
redis/redis-py,51,49,37,36,33,31,31,30,28,28
square/PonyDebugger,0,0,0,0,0,0,0,0,0,0
seajs/seajs,16,4,0,0,0,0,0,0,0,0
lra/mackup,0,0,0,0,0,0,0,0,0,0
claudiodangelis/qrcp,21,15,11,8,7,6,3,2,2,2
commonsguy/cw-omnibus,0,0,0,0,0,0,0,0,0,0
SwiftyJSON/SwiftyJSON,3,3,3,3,3,3,3,2,1,0
jitsi/jitsi-meet,0,0,0,0,0,0,0,0,0,0
sourcegraph/sourcegraph,54,3,2,1,1,1,1,1,1,1
traefik/traefik,238,213,198,186,175,163,146,142,136,125
h6ah4i/android-advancedrecyclerview,0,0,0,0,0,0,0,0,0,0
Flipboard/FLAnimatedImage,2,1,1,0,0,0,0,0,0,0
ampproject/amphtml,788,786,647,633,578,566,560,552,540,538
tylertreat/comcast,1,1,0,0,0,0,0,0,0,0
gwuhaolin/livego,12,11,8,7,6,5,4,3,3,3
pachyderm/pachyderm,284,266,244,211,181,149,122,103,88,76
orf/gping,0,0,0,0,0,0,0,0,0,0
pyenv/pyenv,76,67,60,55,45,38,31,28,23,17
elixir-lang/elixir,41,38,0,0,0,0,0,0,0,0
influxdata/influxdb,52,51,49,47,46,43,39,38,35,33
ecomfe/zrender,20,11,7,3,2,1,0,0,0,0
vuejs/vue-cli,119,105,87,78,71,63,52,46,43,40
TadasBaltrusaitis/OpenFace,5,5,3,1,1,1,1,0,0,0
Alamofire/Alamofire,91,79,67,59,54,48,38,33,31,25
sindresorhus/ky,59,52,29,26,15,13,6,4,3,2
YoKeyword/Fragmentation,26,11,6,2,1,1,0,0,0,0
stanfordnlp/CoreNLP,8,7,7,7,7,6,6,6,6,6
NLPchina/elasticsearch-sql,23,15,14,13,10,9,7,7,7,7
coreybutler/nvm-windows,10,6,4,4,3,3,3,3,3,2
jasmine/jasmine,1,0,0,0,0,0,0,0,0,0
RangiLyu/nanodet,7,6,5,5,4,4,3,3,3,2
bchavez/Bogus,0,0,0,0,0,0,0,0,0,0
DmitryBaranovskiy/raphael,2,2,1,1,0,0,0,0,0,0
CoderMJLee/MJRefresh,9,5,4,3,2,2,2,1,1,1
balderdashy/waterline,8,2,1,1,0,0,0,0,0,0
hamcrest/hamcrest-php,0,0,0,0,0,0,0,0,0,0
getlantern/lantern,0,0,0,0,0,0,0,0,0,0
adam-p/markdown-here,9,7,5,2,1,1,0,0,0,0
connors/photon,2,2,1,0,0,0,0,0,0,0
mybatis/generator,1,0,0,0,0,0,0,0,0,0
gvergnaud/ts-pattern,25,10,4,1,1,1,0,0,0,0
kaminari/kaminari,35,26,18,16,12,12,10,8,6,5
zhihu/Matisse,3,3,2,1,1,1,1,1,1,0
facebook/relay,60,49,45,39,34,33,33,30,30,29
mixn/carbon-now-cli,7,4,3,1,1,1,1,1,1,1
nhn/tui.chart,32,23,18,15,13,12,9,8,6,5
apache/echarts,50,48,47,44,43,43,42,39,39,36
realm/jazzy,56,41,30,21,14,6,3,2,1,1
ichord/At.js,1,0,0,0,0,0,0,0,0,0
tonsky/datascript,83,39,22,15,10,7,5,2,2,2
jquery/jquery,0,0,0,0,0,0,0,0,0,0
ajaxorg/ace,54,51,47,40,35,31,31,28,25,24
electronicarts/EASTL,7,4,4,3,2,2,2,1,1,0
hybridgroup/gobot,14,11,8,4,3,2,2,2,2,1
shentao/vue-multiselect,23,16,13,11,10,9,8,7,7,6
fatedier/frp,13,9,3,2,0,0,0,0,0,0
GoogleChrome/lighthouse-ci,54,54,53,53,51,51,49,49,49,48
robertdavidgraham/masscan,0,0,0,0,0,0,0,0,0,0
snipe/snipe-it,168,134,119,106,91,86,77,68,60,55
shazow/ssh-chat,6,5,5,4,3,2,2,0,0,0
drakeet/MultiType,30,8,3,1,1,1,1,0,0,0
acaudwell/Gource,0,0,0,0,0,0,0,0,0,0
tictail/bounce.js,0,0,0,0,0,0,0,0,0,0
pallets/werkzeug,2,0,0,0,0,0,0,0,0,0
mail-in-a-box/mailinabox,0,0,0,0,0,0,0,0,0,0
StackExchange/StackExchange.Redis,31,28,26,23,17,14,12,11,8,7
gcanti/fp-ts,97,35,20,15,11,10,8,5,4,3
swc-project/swc,1,1,1,1,1,1,1,1,1,0
denoland/deno,216,214,209,202,196,191,183,174,168,162
matthew-andrews/isomorphic-fetch,0,0,0,0,0,0,0,0,0,0
scala/scala,66,60,55,53,50,46,43,39,36,34
alexazhou/VeryNginx,0,0,0,0,0,0,0,0,0,0
DaveGamble/cJSON,44,30,21,13,9,7,5,4,4,4
jorgebucaran/hyperapp,20,16,11,7,7,6,5,4,4,4
JetBrains/kotlin,29,7,3,3,2,2,2,2,1,1
WenchaoD/FSCalendar,0,0,0,0,0,0,0,0,0,0
jasontaylordev/CleanArchitecture,1,1,1,1,1,1,1,1,1,1
PHPOffice/PHPWord,18,15,15,14,13,13,12,10,10,10
auth0/java-jwt,39,22,14,8,5,4,4,4,3,3
aws/aws-sdk-js,132,0,0,0,0,0,0,0,0,0
xmartlabs/XLForm,4,3,1,0,0,0,0,0,0,0
dropwizard/dropwizard,127,103,87,84,77,74,72,68,66,64
jgraph/drawio,0,0,0,0,0,0,0,0,0,0
iperov/DeepFaceLive,0,0,0,0,0,0,0,0,0,0
eligrey/FileSaver.js,4,2,1,1,0,0,0,0,0,0
danielgindi/Charts,9,8,8,8,7,6,6,6,6,6
mobz/elasticsearch-head,0,0,0,0,0,0,0,0,0,0
NodeOS/NodeOS,0,0,0,0,0,0,0,0,0,0
ZipArchive/ZipArchive,27,17,14,10,7,4,2,1,0,0
Cyan4973/xxHash,2,1,1,1,1,1,1,1,1,1
rtyley/bfg-repo-cleaner,6,4,2,2,1,1,1,1,1,1
PanJiaChen/vue-admin-template,3,3,3,3,3,3,2,2,0,0
domlysz/BlenderGIS,0,0,0,0,0,0,0,0,0,0
jiaaro/pydub,5,4,3,2,2,2,1,1,1,0
rollup/rollup,422,416,235,195,124,87,64,51,37,25
journeyapps/zxing-android-embedded,7,6,6,5,2,2,1,0,0,0
novus/nvd3,0,0,0,0,0,0,0,0,0,0
wkentaro/labelme,7,4,3,3,3,1,1,1,1,1
mayswind/AriaNg,32,19,9,8,6,3,2,2,1,0
hashicorp/terraform-provider-aws,243,224,214,211,210,206,204,196,193,191
svg/svgo,17,15,13,11,10,10,8,8,6,5
codemirror/codemirror5,4,2,1,1,1,0,0,0,0,0
kylemanna/docker-openvpn,0,0,0,0,0,0,0,0,0,0
jquense/react-big-calendar,94,94,85,29,10,7,5,4,3,3
Project-OSRM/osrm-backend,24,18,16,14,14,13,9,8,7,7
krzyzanowskim/CryptoSwift,4,1,0,0,0,0,0,0,0,0
Spotifyd/spotifyd,5,5,4,3,3,2,2,2,2,2
kefranabg/readme-md-generator,0,0,0,0,0,0,0,0,0,0
kulshekhar/ts-jest,18,6,6,5,5,5,4,3,3,3
apache/apisix,47,0,0,0,0,0,0,0,0,0
jonsuh/hamburgers,6,3,2,0,0,0,0,0,0,0
yuliskov/SmartTubeNext,3,1,1,0,0,0,0,0,0,0
sindresorhus/caprine,73,61,52,47,40,31,23,19,16,14
technomancy/leiningen,0,0,0,0,0,0,0,0,0,0
sindresorhus/ora,29,23,10,5,2,2,2,2,1,0
akavel/up,4,2,1,1,1,1,1,1,1,1
hashicorp/serf,5,5,4,2,2,1,1,1,1,1
microsoft/playwright,106,92,79,60,51,45,42,38,36,31
hackware1993/MagicIndicator,0,0,0,0,0,0,0,0,0,0
sensepost/objection,21,13,11,9,9,8,5,3,3,2
TryGhost/node-sqlite3,17,11,9,7,6,4,4,2,2,1
szimek/signature_pad,17,16,15,2,0,0,0,0,0,0
powerline/powerline,1,0,0,0,0,0,0,0,0,0
microsoft/TypeScript,45,15,10,7,5,5,5,5,5,5
plasma-umass/scalene,22,16,14,12,7,6,6,6,6,5
laravel/lumen,0,0,0,0,0,0,0,0,0,0
kubernetes/autoscaler,55,39,26,20,17,16,14,11,10,8
neovim/neovim,24,16,15,13,11,10,10,9,9,9
rupa/z,0,0,0,0,0,0,0,0,0,0
kelseyhightower/confd,0,0,0,0,0,0,0,0,0,0
capistrano/capistrano,27,19,12,7,4,3,1,1,1,1
neuecc/UniRx,4,3,2,1,1,1,1,1,1,1
mutualmobile/MMDrawerController,14,9,7,5,5,4,3,3,1,1
spatie/laravel-backup,75,26,16,11,6,5,3,3,2,2
streamich/react-use,249,249,100,68,34,28,17,13,8,8
apache/dubbo,77,65,62,60,59,59,58,58,57,55
mediaelement/mediaelement,52,42,33,28,22,19,15,11,9,9
89luca89/distrobox,17,14,13,12,11,10,9,9,9,8
alyssaxuu/screenity,0,0,0,0,0,0,0,0,0,0
vuejs/vue-router,55,42,31,31,30,27,24,22,15,13
Miserlou/Zappa,0,0,0,0,0,0,0,0,0,0
daimajia/AndroidSwipeLayout,12,3,2,1,1,1,1,1,0,0
popcorn-time/popcorn-app,0,0,0,0,0,0,0,0,0,0
linuxserver/Heimdall,19,13,12,10,8,6,6,6,6,6
cymcsg/UltimateRecyclerView,2,0,0,0,0,0,0,0,0,0
chenglou/react-motion,3,2,2,2,2,2,0,0,0,0
nektos/act,59,57,47,42,40,38,38,38,36,34
carloscuesta/gitmoji,19,19,18,18,18,18,17,17,17,17
shadowsocks/ShadowsocksX-NG,18,13,7,4,1,1,1,1,1,0
github/gh-ost,23,20,18,16,16,12,10,7,6,5
ramsey/uuid,9,4,0,0,0,0,0,0,0,0
openalpr/openalpr,0,0,0,0,0,0,0,0,0,0
phoenixframework/phoenix,9,0,0,0,0,0,0,0,0,0
opencv/opencv,0,0,0,0,0,0,0,0,0,0
mrniko/netty-socketio,0,0,0,0,0,0,0,0,0,0
Carthage/Carthage,75,66,48,35,30,24,20,17,15,11
golang/protobuf,12,9,5,3,2,2,2,1,0,0
python-visualization/folium,20,19,18,18,16,15,14,13,13,12
Akryum/vue-virtual-scroller,24,16,9,8,8,7,5,5,4,4
BlackrockDigital/startbootstrap,0,0,0,0,0,0,0,0,0,0
hybridgroup/gocv,16,9,7,5,5,3,1,1,0,0
qiao/PathFinding.js,0,0,0,0,0,0,0,0,0,0
mmistakes/minimal-mistakes,103,73,64,54,47,36,28,23,23,20
minio/minio,401,394,387,383,361,352,332,317,301,278
cameron314/concurrentqueue,0,0,0,0,0,0,0,0,0,0
twbs/ratchet,2,2,2,2,2,2,2,2,2,2
jpillora/chisel,15,10,2,2,2,1,1,1,1,1
clojure/clojurescript,0,0,0,0,0,0,0,0,0,0
googollee/go-socket.io,0,0,0,0,0,0,0,0,0,0
kamranahmedse/git-standup,1,1,1,1,1,1,0,0,0,0
z-song/laravel-admin,5,4,2,2,2,1,1,1,1,1
reactiveui/refit,45,44,42,37,32,26,22,21,20,19
guzzle/psr7,3,3,1,1,1,1,1,1,1,0
MatthewYork/DateTools,1,0,0,0,0,0,0,0,0,0
karpathy/convnetjs,0,0,0,0,0,0,0,0,0,0
symfony/var-dumper,98,39,16,5,4,3,3,3,3,2
fkling/astexplorer,14,11,11,8,6,4,4,4,4,2
abraunegg/onedrive,58,55,53,50,48,46,42,41,35,32
gephi/gephi,11,11,10,10,10,10,10,10,9,8
sameersbn/docker-gitlab,254,101,63,40,26,19,14,11,9,7
lanpa/tensorboardX,2,0,0,0,0,0,0,0,0,0
Unitech/pm2,66,50,41,36,36,28,24,23,21,19
microsoft/cpprestsdk,20,20,18,18,17,17,16,15,15,15
ytisf/theZoo,0,0,0,0,0,0,0,0,0,0
danielgatis/rembg,13,10,5,3,2,1,0,0,0,0
cssinjs/jss,38,30,19,15,12,7,4,4,2,2
openframeworks/openFrameworks,2,0,0,0,0,0,0,0,0,0
gcla/termshark,6,4,4,4,4,4,4,4,4,4
google/flatbuffers,16,15,13,12,12,11,11,11,11,11
rakyll/hey,0,0,0,0,0,0,0,0,0,0
metafizzy/infinite-scroll,7,7,6,5,2,1,1,0,0,0
mathjax/MathJax,8,6,6,5,5,5,5,5,5,4
google/material-design-icons,2,1,1,1,1,1,1,1,1,0
syndtr/goleveldb,0,0,0,0,0,0,0,0,0,0
google/googletest,5,4,4,3,3,2,2,1,1,1
developit/unfetch,10,5,4,2,1,1,0,0,0,0
inversify/InversifyJS,44,34,31,26,18,16,16,16,14,13
tristanhimmelman/ObjectMapper,7,0,0,0,0,0,0,0,0,0
styled-components/styled-components,124,99,73,52,42,29,14,9,7,5
go-kit/kit,13,12,12,12,12,12,12,12,12,11
mastodon/mastodon,204,193,189,181,174,165,157,142,135,130
seaweedfs/seaweedfs,178,150,113,87,70,59,47,37,23,17
magit/magit,1,1,0,0,0,0,0,0,0,0
HarlonWang/AVLoadingIndicatorView,0,0,0,0,0,0,0,0,0,0
audacity/audacity,21,16,15,15,13,10,8,6,5,4
grpc/grpc,169,126,94,82,78,71,67,64,62,62
google/traceur-compiler,1,1,1,0,0,0,0,0,0,0
qishibo/AnotherRedisDesktopManager,18,9,4,2,1,1,1,1,1,1
Terry-Mao/goim,0,0,0,0,0,0,0,0,0,0
wagerfield/parallax,0,0,0,0,0,0,0,0,0,0
serilog/serilog,15,13,12,12,11,10,10,10,10,10
google/tsunami-security-scanner,0,0,0,0,0,0,0,0,0,0
swagger-api/swagger-core,85,77,65,56,52,48,42,37,36,32
shadcn/ui,12,12,12,4,4,4,3,3,3,2
sschmid/Entitas,70,51,45,32,22,18,9,8,7,6
benoitc/gunicorn,19,15,12,12,10,10,8,7,6,6
ray-project/ray,58,58,57,54,53,53,52,49,48,48
blue-yonder/tsfresh,8,8,8,7,7,7,7,7,6,6
microsoft/playwright-python,40,31,23,11,6,4,2,2,2,2
semantic-release/semantic-release,375,375,137,69,37,32,16,14,10,10
SocketCluster/socketcluster,4,2,1,1,0,0,0,0,0,0
liaohuqiu/android-Ultra-Pull-To-Refresh,3,2,1,1,1,1,0,0,0,0
airbnb/epoxy,52,33,20,16,8,4,2,2,2,2
facebook/flow,80,37,24,18,13,8,4,4,4,2
daimajia/AndroidViewAnimations,0,0,0,0,0,0,0,0,0,0
evilsocket/opensnitch,23,21,20,19,17,16,16,15,14,14
ossrs/srs,47,46,44,30,28,24,23,22,20,20
styled-components/polished,54,42,32,8,6,3,1,1,0,0
chenshuo/muduo,0,0,0,0,0,0,0,0,0,0
LeaVerou/awesomplete,0,0,0,0,0,0,0,0,0,0
BoltsFramework/Bolts-ObjC,12,9,9,6,5,4,4,3,2,1
facebook/fresco,11,9,6,5,5,5,3,2,2,2
krzysztofzablocki/Sourcery,28,16,12,7,5,4,4,3,2,1
metafizzy/zdog,3,3,3,3,2,1,0,0,0,0
laurent22/joplin,242,213,181,161,144,122,104,93,82,73
blakeblackshear/frigate,51,49,49,40,30,30,30,30,30,30
marionettejs/backbone.marionette,4,2,0,0,0,0,0,0,0,0
KnuffApp/Knuff,0,0,0,0,0,0,0,0,0,0
aleju/imgaug,3,3,3,2,2,2,2,2,2,2
transitive-bullshit/chatgpt-api,108,86,73,64,54,51,46,41,37,34
glushchenko/fsnotes,184,123,84,62,40,25,16,14,10,7
symfony/console,139,86,51,42,25,15,10,8,8,7
rmax/scrapy-redis,3,3,3,3,3,2,1,1,1,1
lipis/flag-icons,1,1,0,0,0,0,0,0,0,0
niieani/bash-oo-framework,0,0,0,0,0,0,0,0,0,0
Instagram/IGListKit,9,8,8,8,7,7,7,7,7,7
pbatard/rufus,28,23,18,13,8,2,1,0,0,0
mxcl/PromiseKit,3,2,0,0,0,0,0,0,0,0
symfony/thanks,0,0,0,0,0,0,0,0,0,0
metafizzy/flickity,21,16,12,10,7,5,4,3,2,1
AdguardTeam/AdGuardHome,153,141,122,102,89,71,66,52,44,38
tsenart/vegeta,48,34,29,26,22,22,19,18,14,11
OrchardCMS/OrchardCore,10,8,8,8,8,8,8,8,8,8
jsdom/jsdom,5,5,0,0,0,0,0,0,0,0
robinmoisson/staticrypt,8,5,3,1,0,0,0,0,0,0
tj/git-extras,21,21,21,21,21,21,20,20,20,20
microsoft/FASTER,112,112,101,78,68,60,53,42,36,35
hugsy/gef,9,8,8,7,6,6,6,6,6,6
jondot/hygen,0,0,0,0,0,0,0,0,0,0
JakubOnderka/PHP-Console-Highlighter,1,0,0,0,0,0,0,0,0,0
google/automl,0,0,0,0,0,0,0,0,0,0
SVG-Edit/svgedit,19,0,0,0,0,0,0,0,0,0
romaonthego/RESideMenu,0,0,0,0,0,0,0,0,0,0
symfony/debug,12,1,0,0,0,0,0,0,0,0
rancher/rancher,293,267,261,250,240,229,223,215,204,198
kyleconroy/sqlc,25,25,25,25,23,22,18,16,16,16
pocoproject/poco,3,2,2,1,1,1,1,1,0,0
microsoft/botframework-sdk,5,5,2,1,1,1,1,1,1,0
babel/babel,353,304,261,234,214,190,173,167,150,140
doctrine/event-manager,6,6,5,4,2,2,2,2,1,1
kishikawakatsumi/KeychainAccess,5,1,1,1,0,0,0,0,0,0
facebook/react-native,236,171,138,120,111,108,97,96,87,85
microsoft/PowerToys,59,46,33,29,23,19,12,8,7,4
square/crossfilter,0,0,0,0,0,0,0,0,0,0
sirupsen/logrus,9,7,7,6,5,5,3,3,1,1
davatron5000/FitText.js,0,0,0,0,0,0,0,0,0,0
arrow-kt/arrow,35,31,31,31,30,30,30,29,29,29
angular/angular-cli,621,617,588,505,488,478,436,427,411,373
quartz-scheduler/quartz,2,2,2,2,2,2,2,1,1,1
shadowsocks/shadowsocks-rust,87,58,40,27,21,16,11,11,11,10
PyMySQL/PyMySQL,5,5,5,5,5,5,4,4,4,4
koreader/koreader,83,76,73,68,68,67,67,66,66,66
google/benchmark,19,18,17,16,14,14,14,14,13,11
aria2/aria2,4,0,0,0,0,0,0,0,0,0
dmlc/dgl,24,24,24,21,20,20,18,18,18,17
gocd/gocd,18,12,11,11,9,8,8,6,6,6
zxing/zxing,1,0,0,0,0,0,0,0,0,0
antirez/disque,0,0,0,0,0,0,0,0,0,0
centrifugal/centrifugo,66,35,17,10,6,5,4,1,0,0
cython/cython,0,0,0,0,0,0,0,0,0,0
lovell/sharp,0,0,0,0,0,0,0,0,0,0
apple/foundationdb,1,0,0,0,0,0,0,0,0,0
sammchardy/python-binance,0,0,0,0,0,0,0,0,0,0
checkstyle/checkstyle,18,8,5,3,1,0,0,0,0,0
nfl/react-helmet,3,3,0,0,0,0,0,0,0,0
sindresorhus/github-markdown-css,7,3,1,0,0,0,0,0,0,0
tesseract-ocr/tessdata,0,0,0,0,0,0,0,0,0,0
folke/lazy.nvim,120,120,95,72,68,57,50,47,42,42
kelseyhightower/nocode,0,0,0,0,0,0,0,0,0,0
p0deje/Maccy,43,27,22,22,16,12,9,8,5,3
apache/shenyu,1,1,1,1,1,1,1,1,1,1
