Repo,1,2,5,10,20,30,40,50,60,70,80,90,100
reactphp/reactphp,1,1,1,1,0,0,0,0,0,0,0,0,0
onsi/ginkgo,1,1,1,1,1,1,1,1,1,1,1,1,0
qishibo/AnotherRedisDesktopManager,1,1,1,1,1,1,1,0,0,0,0,0,0
smicallef/spiderfoot,0,0,0,0,0,0,0,0,0,0,0,0,0
nathancahill/split,1,1,0,0,0,0,0,0,0,0,0,0,0
trazyn/weweChat,1,1,1,1,1,1,1,1,0,0,0,0,0
ant-design/ant-design,1,1,1,1,1,1,1,1,1,1,1,1,0
nikic/PHP-Parser,1,1,1,1,1,0,0,0,0,0,0,0,0
sumatrapdfreader/sumatrapdf,0,0,0,0,0,0,0,0,0,0,0,0,0
dominikh/go-tools,1,1,1,1,1,1,0,0,0,0,0,0,0
nicolargo/glances,1,1,1,1,1,1,1,1,1,1,1,1,0
ionic-team/ionic-framework,1,1,1,1,1,1,1,1,1,1,1,1,0
huginn/huginn,1,1,1,1,1,1,1,1,1,1,1,1,1
dwmkerr/hacker-laws,0,0,0,0,0,0,0,0,0,0,0,0,0
realm/realm-swift,1,1,1,1,1,1,1,0,0,0,0,0,0
seanmonstar/warp,1,1,1,1,0,0,0,0,0,0,0,0,0
exelban/stats,1,1,1,1,1,1,1,1,1,1,0,0,0
ionic-team/ionicons,1,1,1,1,1,1,1,1,1,0,0,0,0
apple/turicreate,1,1,1,1,1,1,1,1,1,1,1,0,0
cosmtrek/air,1,1,1,1,1,1,1,1,1,1,1,1,0
valor-software/ngx-bootstrap,1,1,1,1,1,1,1,1,1,1,1,1,0
nodegit/nodegit,1,1,1,1,1,1,1,1,1,1,0,0,0
cmdr2/stable-diffusion-ui,1,1,1,0,0,0,0,0,0,0,0,0,0
facebook/infer,1,1,1,1,1,1,1,0,0,0,0,0,0
tqdm/tqdm,1,1,1,1,1,1,1,1,1,1,1,0,0
rhysd/vim.wasm,0,0,0,0,0,0,0,0,0,0,0,0,0
liriliri/eruda,1,1,1,1,1,1,1,0,0,0,0,0,0
joerick/pyinstrument,1,1,1,1,1,1,1,1,1,1,1,0,0
python-visualization/folium,1,1,1,1,1,1,1,1,1,1,1,0,0
blakeblackshear/frigate,1,1,1,1,1,1,1,0,0,0,0,0,0
duo-labs/cloudmapper,1,1,1,1,1,1,1,0,0,0,0,0,0
PowerShell/Win32-OpenSSH,1,1,1,1,1,1,1,1,0,0,0,0,0
Automattic/mongoose,1,1,1,1,1,1,1,1,1,1,1,1,0
microsoft/vscode-cpptools,1,1,1,1,1,1,1,1,1,1,1,1,0
kriasoft/react-starter-kit,0,0,0,0,0,0,0,0,0,0,0,0,0
red/red,0,0,0,0,0,0,0,0,0,0,0,0,0
postcss/postcss,1,1,1,0,0,0,0,0,0,0,0,0,0
esimov/caire,1,1,1,1,1,1,0,0,0,0,0,0,0
okonet/lint-staged,1,1,1,1,1,1,1,1,1,1,1,1,0
RichardKnop/machinery,1,1,0,0,0,0,0,0,0,0,0,0,0
caolan/async,1,1,1,1,1,1,1,1,1,1,1,0,0
niklasvh/html2canvas,1,1,1,1,1,1,1,1,1,1,0,0,0
segmentio/evergreen,1,1,1,1,1,1,1,1,1,1,1,1,0
spring-projects/spring-boot,1,1,1,1,1,1,1,1,1,1,1,1,1
koreader/koreader,1,1,1,1,1,1,1,1,1,1,0,0,0
pytorch/pytorch,1,1,1,1,1,1,1,1,1,1,1,0,0
google-deepmind/lab,1,1,1,1,0,0,0,0,0,0,0,0,0
google-deepmind/sonnet,1,1,1,1,1,1,1,1,1,1,1,1,1
mapstruct/mapstruct,1,1,1,1,1,1,1,1,1,1,1,1,1
jpillora/chisel,1,1,1,1,1,1,1,1,0,0,0,0,0
plotly/falcon,1,1,1,1,1,1,1,0,0,0,0,0,0
angular-ui/ui-router,1,1,1,1,1,1,1,1,1,1,1,0,0
spyder-ide/spyder,1,1,1,1,0,0,0,0,0,0,0,0,0
Swordfish90/cool-retro-term,1,1,1,1,1,0,0,0,0,0,0,0,0
marionettejs/backbone.marionette,1,1,1,0,0,0,0,0,0,0,0,0,0
go-sql-driver/mysql,1,1,1,1,1,0,0,0,0,0,0,0,0
pyinstaller/pyinstaller,1,1,1,1,0,0,0,0,0,0,0,0,0
jenssegers/laravel-mongodb,1,1,1,1,1,1,0,0,0,0,0,0,0
sindresorhus/pure,1,1,1,1,1,1,1,1,1,1,1,1,0
symfony/http-foundation,1,1,1,1,1,1,1,1,1,0,0,0,0
asciinema/asciinema,1,1,1,1,0,0,0,0,0,0,0,0,0
php-pm/php-pm,1,1,1,1,1,1,1,1,1,0,0,0,0
aceld/zinx,0,0,0,0,0,0,0,0,0,0,0,0,0
PatrickJS/MFE-starter,0,0,0,0,0,0,0,0,0,0,0,0,0
terkelg/prompts,1,1,1,1,1,1,1,1,1,1,1,0,0
projectdiscovery/subfinder,1,1,1,1,1,1,1,1,1,1,0,0,0
shadowsocks/ShadowsocksX-NG,1,1,1,1,1,1,1,1,1,0,0,0,0
harelba/q,1,1,1,1,1,1,1,1,0,0,0,0,0
nodemailer/nodemailer,1,1,1,1,1,1,1,1,1,1,1,1,1
ant-design/ant-design-pro,1,1,1,1,1,1,1,1,1,0,0,0,0
rancher/rancher,1,1,1,1,1,1,1,1,1,0,0,0,0
tendermint/tendermint,1,1,1,1,1,1,1,1,0,0,0,0,0
vega/vega,1,1,1,1,1,1,1,0,0,0,0,0,0
daimajia/NumberProgressBar,1,1,1,1,1,1,1,1,1,1,1,1,1
airbnb/visx,1,1,1,1,1,1,1,1,1,1,1,1,0
google/python-fire,1,1,1,1,1,1,1,1,1,0,0,0,0
JessYanCoding/MVPArms,1,1,1,1,1,1,0,0,0,0,0,0,0
bchavez/Bogus,0,0,0,0,0,0,0,0,0,0,0,0,0
containers/podman,1,1,1,1,1,1,1,1,1,0,0,0,0
google/sentencepiece,1,1,0,0,0,0,0,0,0,0,0,0,0
lets-blade/blade,0,0,0,0,0,0,0,0,0,0,0,0,0
beego/beego,1,1,1,1,1,1,1,1,1,1,1,1,0
g-truc/glm,1,1,1,1,1,1,1,1,1,1,1,1,0
gevent/gevent,1,1,1,1,1,1,1,1,0,0,0,0,0
Anuken/Mindustry,0,0,0,0,0,0,0,0,0,0,0,0,0
dylanaraps/neofetch,1,1,1,1,1,1,1,0,0,0,0,0,0
aws/aws-sdk-js,1,1,1,0,0,0,0,0,0,0,0,0,0
Carthage/Carthage,1,1,1,1,1,1,1,1,1,1,1,1,0
neuecc/UniRx,1,1,1,1,0,0,0,0,0,0,0,0,0
ipfs/kubo,1,1,1,1,1,1,1,1,1,1,1,0,0
aFarkas/lazysizes,1,1,1,1,1,1,1,0,0,0,0,0,0
ranaroussi/yfinance,1,1,1,1,1,1,1,1,1,1,0,0,0
hashicorp/terraform-provider-aws,1,1,1,1,1,1,1,1,1,1,1,1,0
egulias/EmailValidator,1,1,1,1,1,1,1,1,1,1,1,0,0
lightningnetwork/lnd,1,1,1,1,1,1,1,1,1,1,1,1,0
spf13/cobra,1,1,1,1,1,1,1,1,1,1,1,0,0
ZipArchive/ZipArchive,1,1,1,1,1,1,1,1,1,0,0,0,0
binux/pyspider,1,1,1,0,0,0,0,0,0,0,0,0,0
rwaldron/johnny-five,1,1,1,1,1,1,1,1,1,1,1,1,1
gitbucket/gitbucket,1,1,0,0,0,0,0,0,0,0,0,0,0
guardicore/monkey,1,1,1,1,1,1,1,1,1,1,1,0,0
tsl0922/ttyd,1,1,1,1,1,1,1,1,1,1,1,0,0
rust-lang/rustfmt,1,1,1,1,1,1,1,1,1,1,1,0,0
quilljs/quill,1,1,1,1,1,1,1,1,1,1,1,1,0
jgthms/bulma,1,1,1,1,1,1,1,1,1,1,1,1,0
palantir/blueprint,1,1,1,1,1,1,1,1,1,1,1,0,0
tzapu/WiFiManager,1,1,1,1,1,0,0,0,0,0,0,0,0
openscad/openscad,1,1,1,1,0,0,0,0,0,0,0,0,0
airbnb/lottie-ios,1,1,1,1,1,1,0,0,0,0,0,0,0
qor/qor,0,0,0,0,0,0,0,0,0,0,0,0,0
dwarvesf/hidden,1,1,1,1,1,0,0,0,0,0,0,0,0
File-New-Project/EarTrumpet,0,0,0,0,0,0,0,0,0,0,0,0,0
felixrieseberg/macintosh.js,0,0,0,0,0,0,0,0,0,0,0,0,0
google/flatbuffers,1,1,1,1,1,1,1,0,0,0,0,0,0
s3fs-fuse/s3fs-fuse,1,1,1,1,1,1,1,1,1,1,1,1,0
metafizzy/infinite-scroll,1,1,1,1,1,1,1,1,1,1,0,0,0
pocoproject/poco,1,1,1,1,0,0,0,0,0,0,0,0,0
yairm210/Unciv,0,0,0,0,0,0,0,0,0,0,0,0,0
ekzhang/bore,1,1,1,1,1,1,1,1,1,1,1,1,1
microsoft/azuredatastudio,1,1,1,1,1,1,1,1,1,0,0,0,0
SirVer/ultisnips,0,0,0,0,0,0,0,0,0,0,0,0,0
fabiospampinato/cash,1,1,1,1,0,0,0,0,0,0,0,0,0
dmlc/xgboost,1,1,1,1,1,1,1,1,1,1,1,0,0
openzipkin/zipkin,1,1,1,1,1,1,1,1,1,1,0,0,0
Activiti/Activiti,1,1,1,1,0,0,0,0,0,0,0,0,0
dail8859/NotepadNext,0,0,0,0,0,0,0,0,0,0,0,0,0
uber/RIBs,1,1,1,1,1,1,1,1,1,0,0,0,0
cymcsg/UltimateRecyclerView,1,1,1,1,1,0,0,0,0,0,0,0,0
akveo/ngx-admin,1,1,1,1,1,1,1,1,1,1,1,1,1
zhihu/Matisse,1,1,1,1,1,0,0,0,0,0,0,0,0
easymotion/vim-easymotion,1,1,1,1,1,1,1,1,1,1,1,1,1
google/android-classyshark,0,0,0,0,0,0,0,0,0,0,0,0,0
evanw/esbuild,1,1,1,1,1,1,1,1,1,1,1,1,0
blue-yonder/tsfresh,1,1,1,1,1,1,1,1,1,0,0,0,0
theskumar/python-dotenv,1,1,1,1,1,1,1,1,1,1,1,1,1
fkhadra/react-toastify,1,1,1,1,1,1,1,1,1,0,0,0,0
apache/druid,1,1,1,1,1,1,1,1,1,1,1,1,0
iovisor/bpftrace,1,1,1,1,1,1,1,1,1,1,1,0,0
Polymer/polymer,1,1,1,1,1,1,1,1,1,1,1,1,0
PanJiaChen/vue-admin-template,1,1,1,1,1,1,0,0,0,0,0,0,0
mopidy/mopidy,1,1,1,1,1,1,1,0,0,0,0,0,0
apache/dubbo,1,1,1,1,1,1,1,1,1,1,1,0,0
localstack/localstack,1,1,1,1,1,1,0,0,0,0,0,0,0
AudioKit/AudioKit,1,1,1,0,0,0,0,0,0,0,0,0,0
Maximus5/ConEmu,1,1,0,0,0,0,0,0,0,0,0,0,0
twbs/bootstrap,1,1,1,1,1,1,1,1,1,0,0,0,0
Clipy/Clipy,1,1,1,1,1,1,1,0,0,0,0,0,0
jarun/nnn,1,1,1,1,1,1,1,1,0,0,0,0,0
robinmoisson/staticrypt,1,1,1,1,1,1,1,1,0,0,0,0,0
simeji/jid,1,1,1,1,1,1,1,1,0,0,0,0,0
apache/shenyu,1,1,1,1,0,0,0,0,0,0,0,0,0
primer/css,1,1,1,1,1,1,1,1,1,1,1,1,0
burnash/gspread,1,1,1,1,1,1,1,1,1,1,1,0,0
rsms/inter,1,1,1,1,1,1,1,1,0,0,0,0,0
ether/etherpad-lite,1,1,1,1,1,0,0,0,0,0,0,0,0
google/tink,1,1,1,1,1,1,0,0,0,0,0,0,0
wez/wezterm,1,1,1,1,1,1,1,1,1,1,0,0,0
google/trax,1,1,1,1,1,1,0,0,0,0,0,0,0
txthinking/brook,1,1,1,1,1,0,0,0,0,0,0,0,0
google/EarlGrey,1,1,1,1,1,1,1,1,1,1,1,1,0
reorx/httpstat,1,1,1,1,1,1,1,0,0,0,0,0,0
avajs/ava,1,1,1,1,1,1,1,1,1,1,1,1,0
raphw/byte-buddy,0,0,0,0,0,0,0,0,0,0,0,0,0
ruby-concurrency/concurrent-ruby,1,1,1,1,1,1,0,0,0,0,0,0,0
ionic-team/capacitor,1,1,1,1,1,1,1,1,1,1,1,1,0
encode/starlette,1,1,1,1,1,1,1,1,1,1,1,0,0
dandavison/delta,1,1,1,1,1,1,1,1,1,1,1,0,0
carloscuesta/gitmoji,1,1,1,1,1,1,1,1,1,1,1,1,0
paragonie/random_compat,1,1,1,1,0,0,0,0,0,0,0,0,0
ACRA/acra,1,1,1,1,1,1,1,1,1,1,0,0,0
fatedier/frp,1,1,1,1,0,0,0,0,0,0,0,0,0
iawia002/lux,1,1,1,1,1,1,1,1,1,1,1,1,0
google/jax,1,1,1,1,1,1,1,1,0,0,0,0,0
zalmoxisus/redux-devtools-extension,1,1,1,1,1,1,1,1,1,0,0,0,0
sequelpro/sequelpro,1,1,1,1,1,1,1,1,0,0,0,0,0
dropwizard/metrics,1,1,1,1,1,1,1,1,1,1,1,1,0
google/ExoPlayer,1,1,1,1,1,1,1,1,1,1,1,1,0
mockito/mockito,1,1,1,1,1,1,1,1,1,1,1,1,0
go-kit/kit,1,1,1,1,1,1,1,1,1,1,1,1,1
42wim/matterbridge,1,1,1,1,1,1,1,1,1,1,1,0,0
slim-template/slim,1,1,1,1,1,1,1,1,0,0,0,0,0
klaudiosinani/signale,1,1,1,1,1,1,1,1,1,1,1,1,1
mledoze/countries,1,1,1,1,1,1,1,1,0,0,0,0,0
istio/istio,1,0,0,0,0,0,0,0,0,0,0,0,0
oclif/oclif,1,1,1,1,1,1,1,1,1,1,1,1,0
PerfectlySoft/Perfect,0,0,0,0,0,0,0,0,0,0,0,0,0
alexfoxy/lax.js,1,1,1,1,1,0,0,0,0,0,0,0,0
Automattic/wp-calypso,1,1,1,1,1,1,1,1,0,0,0,0,0
Yelp/dumb-init,1,1,1,1,1,1,1,1,1,1,1,0,0
fmfn/BayesianOptimization,1,1,1,1,1,1,0,0,0,0,0,0,0
rcmaehl/WhyNotWin11,1,1,1,1,1,1,1,1,1,1,1,1,0
puppeteer/puppeteer,1,1,1,1,1,1,1,1,1,1,1,0,0
App-vNext/Polly,1,1,1,1,1,1,1,1,1,0,0,0,0
wechaty/wechaty,1,1,1,1,1,1,1,1,1,1,0,0,0
mattn/go-sqlite3,1,1,1,1,1,1,1,1,0,0,0,0,0
oblador/react-native-vector-icons,1,1,0,0,0,0,0,0,0,0,0,0,0
Cyan4973/xxHash,1,1,1,0,0,0,0,0,0,0,0,0,0
videojs/video.js,1,1,1,1,1,1,1,1,1,1,0,0,0
standard/standard,1,1,1,1,1,1,1,1,1,1,1,1,1
ReactiveX/RxJava,1,1,1,1,1,1,1,1,1,1,1,1,0
FredrikNoren/ungit,1,1,1,1,1,1,1,1,1,1,1,1,1
reactjs/react-modal,1,1,1,1,1,1,1,1,0,0,0,0,0
platformio/platformio-core,1,1,1,1,1,1,1,1,1,1,1,0,0
neo4j/neo4j,1,1,1,1,1,0,0,0,0,0,0,0,0
Project-OSRM/osrm-backend,1,1,1,1,1,1,1,1,1,1,1,1,0
lecho/hellocharts-android,1,1,1,1,1,0,0,0,0,0,0,0,0
numpy/numpy,1,1,1,1,1,1,1,1,1,1,1,1,1
nagadomi/waifu2x,1,1,1,1,1,1,0,0,0,0,0,0,0
brndnmtthws/conky,1,1,1,1,1,1,1,0,0,0,0,0,0
roots/sage,1,1,1,1,1,1,1,1,1,1,1,0,0
benbjohnson/litestream,1,1,1,1,1,1,0,0,0,0,0,0,0
plotly/plotly.js,1,1,1,1,1,1,1,1,1,1,1,1,0
DLR-RM/stable-baselines3,1,1,1,1,1,1,1,0,0,0,0,0,0
appleboy/gorush,1,1,1,1,1,1,1,1,1,1,1,1,0
dotnet/core,0,0,0,0,0,0,0,0,0,0,0,0,0
google-deepmind/mujoco,1,1,1,1,1,1,1,1,0,0,0,0,0
FiloSottile/mkcert,1,1,1,1,1,1,1,0,0,0,0,0,0
nodemcu/nodemcu-firmware,1,1,1,1,1,1,1,1,1,0,0,0,0
alshedivat/al-folio,1,1,1,1,1,1,1,1,1,1,0,0,0
moby/buildkit,1,1,1,1,1,1,1,1,1,1,1,0,0
localForage/localForage,1,1,1,1,1,1,1,1,1,0,0,0,0
vercel/serve,1,1,1,1,1,1,1,1,1,1,1,1,0
apache/tvm,1,1,1,1,1,1,1,1,1,1,1,0,0
IdreesInc/Monocraft,1,1,1,1,1,1,1,1,1,0,0,0,0
bumptech/glide,1,1,1,1,1,1,1,1,1,1,1,0,0
TechEmpower/FrameworkBenchmarks,1,1,1,1,1,0,0,0,0,0,0,0,0
tporadowski/redis,1,1,1,1,1,1,1,1,0,0,0,0,0
NodeOS/NodeOS,0,0,0,0,0,0,0,0,0,0,0,0,0
kaorun343/vue-property-decorator,1,1,1,1,1,1,0,0,0,0,0,0,0
XAMPPRocky/tokei,1,1,1,1,0,0,0,0,0,0,0,0,0
Byron/gitoxide,1,1,1,1,1,1,1,1,1,1,1,1,0
apache/pulsar,1,1,1,1,1,1,1,1,1,1,1,1,0
elastic/elasticsearch-php,1,1,1,1,1,1,1,1,1,1,1,0,0
BurntSushi/xsv,0,0,0,0,0,0,0,0,0,0,0,0,0
skylot/jadx,1,1,1,1,1,1,1,1,1,1,1,0,0
hashicorp/terraform,1,1,1,1,1,1,1,1,1,1,0,0,0
facebook/react,1,1,1,1,1,1,1,1,1,0,0,0,0
capstone-engine/capstone,1,1,1,1,1,0,0,0,0,0,0,0,0
laravel/tinker,1,1,1,1,1,1,1,1,1,1,1,1,0
gravitational/teleport,1,1,1,1,1,1,1,1,1,0,0,0,0
serverless/serverless,1,1,1,1,1,1,1,1,1,1,1,1,0
NorthwoodsSoftware/GoJS,0,0,0,0,0,0,0,0,0,0,0,0,0
vi/websocat,1,1,1,1,0,0,0,0,0,0,0,0,0
SpiderLabs/ModSecurity,1,1,1,1,1,1,1,1,1,1,0,0,0
kylemanna/docker-openvpn,0,0,0,0,0,0,0,0,0,0,0,0,0
lancedikson/bowser,1,1,1,1,1,1,1,1,0,0,0,0,0
CanCanCommunity/cancancan,0,0,0,0,0,0,0,0,0,0,0,0,0
goldfire/howler.js,1,1,1,1,1,1,1,1,1,1,1,0,0
mybatis/generator,1,1,1,1,0,0,0,0,0,0,0,0,0
SpartnerNL/Laravel-Excel,1,1,1,1,1,1,1,1,0,0,0,0,0
github/markup,1,1,1,1,1,1,1,1,1,1,1,1,1
JetBrains/kotlin,1,1,1,1,0,0,0,0,0,0,0,0,0
alrra/browser-logos,1,1,1,1,1,1,1,1,1,1,1,1,1
apache/thrift,1,1,1,0,0,0,0,0,0,0,0,0,0
Ralim/IronOS,1,1,1,1,1,1,0,0,0,0,0,0,0
kubeedge/kubeedge,1,1,1,1,0,0,0,0,0,0,0,0,0
valeriansaliou/sonic,1,1,1,1,1,1,1,1,1,0,0,0,0
realm/SwiftLint,1,1,1,1,1,1,1,1,1,1,1,1,0
ogham/exa,1,1,1,1,1,1,1,1,1,1,1,0,0
nasa/fprime,1,1,1,1,1,1,1,0,0,0,0,0,0
brave/brave-browser,1,1,1,1,1,0,0,0,0,0,0,0,0
labstack/echo,1,1,1,1,1,1,1,1,1,1,0,0,0
mrdoob/three.js,1,1,1,1,1,1,1,1,0,0,0,0,0
asaskevich/govalidator,1,1,1,1,1,1,1,1,0,0,0,0,0
kean/Nuke,1,1,1,1,1,1,1,1,1,0,0,0,0
timber/timber,1,1,1,1,1,1,1,1,0,0,0,0,0
thephpleague/flysystem,1,1,1,1,0,0,0,0,0,0,0,0,0
spencermountain/compromise,1,1,1,1,1,1,1,0,0,0,0,0,0
marmelab/gremlins.js,0,0,0,0,0,0,0,0,0,0,0,0,0
CoderMJLee/MJExtension,1,1,1,1,1,0,0,0,0,0,0,0,0
zloirock/core-js,1,1,1,1,1,1,1,1,1,0,0,0,0
denoland/deno,1,1,1,1,1,1,1,1,1,1,1,1,0
visualfc/liteide,1,1,1,1,1,0,0,0,0,0,0,0,0
qvacua/vimr,1,1,1,1,0,0,0,0,0,0,0,0,0
moroshko/react-autosuggest,1,1,1,1,1,1,1,1,1,1,0,0,0
crimx/ext-saladict,1,1,1,1,0,0,0,0,0,0,0,0,0
donnemartin/saws,1,1,1,1,1,1,1,1,1,1,1,0,0
microsoft/react-native-windows,1,1,1,1,1,1,1,1,1,1,1,1,0
angular-fullstack/generator-angular-fullstack,1,1,1,1,1,1,1,1,1,1,0,0,0
tariqbuilds/linux-dash,0,0,0,0,0,0,0,0,0,0,0,0,0
doctrine/event-manager,1,1,1,1,1,1,1,1,1,1,1,1,1
js-cookie/js-cookie,1,1,1,1,1,1,1,1,1,1,0,0,0
schollz/croc,1,1,1,1,1,1,1,1,1,1,1,1,0
NVlabs/instant-ngp,0,0,0,0,0,0,0,0,0,0,0,0,0
twpayne/chezmoi,1,1,1,1,1,1,1,1,1,1,1,1,0
infinitered/reactotron,1,1,1,1,1,1,1,1,1,1,1,0,0
inversify/InversifyJS,1,1,1,1,1,1,1,1,1,1,0,0,0
fmtlib/fmt,1,1,1,1,1,1,1,1,1,1,1,1,0
pymc-devs/pymc,1,1,1,1,1,1,1,1,1,1,1,0,0
rails/rails,1,1,1,1,1,1,0,0,0,0,0,0,0
hybridgroup/gocv,1,1,1,1,1,1,1,0,0,0,0,0,0
basecamp/trix,1,1,1,1,1,1,1,1,1,1,1,1,0
picturepan2/spectre,1,1,1,1,1,1,0,0,0,0,0,0,0
evilsocket/opensnitch,1,1,1,1,1,1,1,1,1,1,1,0,0
oldj/SwitchHosts,1,1,1,1,1,1,1,1,1,1,0,0,0
kalcaddle/KodExplorer,0,0,0,0,0,0,0,0,0,0,0,0,0
leecade/react-native-swiper,1,1,1,1,1,1,1,1,1,0,0,0,0
kamranahmedse/driver.js,1,1,1,1,1,1,1,0,0,0,0,0,0
macvim-dev/macvim,1,1,1,1,1,1,1,1,1,1,0,0,0
daimajia/AndroidViewAnimations,0,0,0,0,0,0,0,0,0,0,0,0,0
microsoft/computervision-recipes,0,0,0,0,0,0,0,0,0,0,0,0,0
microsoft/AirSim,1,1,1,1,0,0,0,0,0,0,0,0,0
gvergnaud/ts-pattern,1,1,1,1,1,1,1,1,0,0,0,0,0
Respect/Validation,1,1,1,1,1,1,1,1,1,0,0,0,0
jaredpalmer/tsdx,1,1,1,1,1,1,1,1,1,1,1,1,0
HandBrake/HandBrake,1,1,1,1,1,0,0,0,0,0,0,0,0
sloria/TextBlob,0,0,0,0,0,0,0,0,0,0,0,0,0
elastic/go-elasticsearch,1,1,1,1,1,0,0,0,0,0,0,0,0
dogecoin/dogecoin,1,1,0,0,0,0,0,0,0,0,0,0,0
ramsey/uuid,1,1,1,1,0,0,0,0,0,0,0,0,0
processone/ejabberd,1,1,1,1,1,1,1,1,1,1,1,1,1
ElemeFE/mint-ui,1,1,1,1,1,1,0,0,0,0,0,0,0
1N3/Sn1per,1,1,0,0,0,0,0,0,0,0,0,0,0
gregberge/svgr,1,1,1,1,1,1,1,1,1,1,1,1,0
drivendata/cookiecutter-data-science,1,1,1,1,1,1,1,1,1,1,1,1,1
glushchenko/fsnotes,1,1,1,1,1,1,1,1,1,0,0,0,0
Netflix/fast_jsonapi,1,1,1,1,1,0,0,0,0,0,0,0,0
resque/resque,1,1,1,1,1,1,1,1,1,1,1,0,0
stephencelis/SQLite.swift,1,1,1,1,1,1,1,1,1,1,1,0,0
cs01/gdbgui,1,1,1,1,1,1,1,1,0,0,0,0,0
hugsy/gef,1,1,1,1,1,1,1,1,1,0,0,0,0
opencontainers/runc,1,1,1,1,1,1,1,1,1,1,1,0,0
jverdi/JVFloatLabeledTextField,0,0,0,0,0,0,0,0,0,0,0,0,0
ckeditor/ckeditor5,1,1,1,1,1,1,1,1,1,1,0,0,0
MithrilJS/mithril.js,1,1,1,1,1,1,1,1,1,1,1,0,0
typicode/hotel,1,1,1,1,1,1,1,1,1,1,1,1,1
danikula/AndroidVideoCache,1,1,1,1,1,1,1,0,0,0,0,0,0
keen/dashboards,1,1,1,1,1,1,1,1,1,1,1,1,1
GoogleCloudPlatform/microservices-demo,1,1,1,1,1,1,1,1,1,1,1,1,0
capistrano/capistrano,1,1,1,1,1,1,1,1,1,1,1,1,0
FaridSafi/react-native-gifted-chat,1,1,1,1,1,1,1,1,1,0,0,0,0
d3/d3,1,1,1,1,1,0,0,0,0,0,0,0,0
Spotifyd/spotifyd,1,1,1,1,1,1,1,1,1,0,0,0,0
mojs/mojs,1,1,1,1,0,0,0,0,0,0,0,0,0
openstf/stf,1,1,1,1,0,0,0,0,0,0,0,0,0
liamg/traitor,1,1,1,1,1,1,1,1,1,1,1,1,1
graphql/dataloader,1,1,1,1,1,1,1,1,1,1,1,1,0
microsoft/botframework-sdk,1,1,1,0,0,0,0,0,0,0,0,0,0
mwaskom/seaborn,1,1,1,1,1,1,1,0,0,0,0,0,0
rougier/numpy-100,0,0,0,0,0,0,0,0,0,0,0,0,0
redox-os/redox,1,1,1,1,1,1,1,1,1,0,0,0,0
asciimoo/wuzz,0,0,0,0,0,0,0,0,0,0,0,0,0
getpelican/pelican,1,1,1,1,1,1,1,0,0,0,0,0,0
nsqio/nsq,1,1,1,1,1,1,1,1,1,1,1,1,0
postcss/autoprefixer,1,1,1,1,1,0,0,0,0,0,0,0,0
kishikawakatsumi/KeychainAccess,1,1,1,1,0,0,0,0,0,0,0,0,0
google/clusterfuzz,1,1,0,0,0,0,0,0,0,0,0,0,0
sass/node-sass,1,1,1,1,1,1,1,1,1,1,0,0,0
niieani/bash-oo-framework,0,0,0,0,0,0,0,0,0,0,0,0,0
SBoudrias/Inquirer.js,1,1,1,1,0,0,0,0,0,0,0,0,0
fullcalendar/fullcalendar,1,1,1,1,1,1,1,1,0,0,0,0,0
jantimon/html-webpack-plugin,1,1,1,1,1,1,1,1,1,1,1,1,1
react-boilerplate/react-boilerplate,1,1,1,1,1,1,0,0,0,0,0,0,0
NLog/NLog,1,1,1,1,1,1,1,1,1,1,0,0,0
NationalSecurityAgency/ghidra,0,0,0,0,0,0,0,0,0,0,0,0,0
prisma/prisma,1,1,1,1,1,1,1,1,1,1,1,1,0
symfony/console,1,1,1,1,1,1,1,1,1,1,0,0,0
ajv-validator/ajv,1,1,1,1,1,1,1,0,0,0,0,0,0
SnapKit/SnapKit,1,1,1,1,1,0,0,0,0,0,0,0,0
panjf2000/gnet,1,1,1,1,1,1,1,1,1,1,1,0,0
fschutt/azul,1,1,1,1,1,1,1,1,1,1,1,1,1
fathyb/carbonyl,1,1,1,1,1,1,1,1,1,1,1,1,1
tensorflow/tfjs,1,1,1,1,1,1,1,1,1,1,1,1,0
moxiecode/plupload,0,0,0,0,0,0,0,0,0,0,0,0,0
Countly/countly-server,1,1,1,1,0,0,0,0,0,0,0,0,0
Eonasdan/tempus-dominus,1,1,1,1,1,1,1,1,1,1,0,0,0
cookiecutter/cookiecutter,1,1,1,1,1,1,1,1,1,1,1,1,0
tc39/ecma262,1,1,1,1,1,1,0,0,0,0,0,0,0
apache/dolphinscheduler,1,1,1,1,1,1,1,1,1,1,1,1,0
the-control-group/voyager,1,1,1,1,1,1,1,1,1,1,1,0,0
nhn/tui.calendar,1,1,1,1,1,1,1,1,1,1,0,0,0
google/mediapipe,1,1,1,1,1,1,0,0,0,0,0,0,0
xmartlabs/XLPagerTabStrip,1,1,1,0,0,0,0,0,0,0,0,0,0
jorgebucaran/hyperapp,1,1,1,1,1,1,1,1,1,1,0,0,0
pallets/click,1,1,1,1,0,0,0,0,0,0,0,0,0
Chocobozzz/PeerTube,1,1,1,1,1,1,0,0,0,0,0,0,0
Miserlou/Zappa,0,0,0,0,0,0,0,0,0,0,0,0,0
sindresorhus/fkill-cli,1,1,1,1,1,1,1,1,1,1,1,1,1
kamranahmedse/git-standup,1,1,1,1,0,0,0,0,0,0,0,0,0
Ramotion/animated-tab-bar,0,0,0,0,0,0,0,0,0,0,0,0,0
roots/bedrock,1,1,1,1,1,1,1,1,1,1,0,0,0
facebook/buck,1,1,1,1,1,1,0,0,0,0,0,0,0
ReactiveX/RxSwift,1,1,1,1,1,1,1,0,0,0,0,0,0
facebook/prophet,1,1,1,1,1,0,0,0,0,0,0,0,0
ponylang/ponyc,1,1,1,1,1,1,1,1,1,1,1,1,0
RangiLyu/nanodet,1,1,1,1,1,1,1,1,1,1,0,0,0
ajenti/ajenti,1,1,1,1,0,0,0,0,0,0,0,0,0
ValveSoftware/GameNetworkingSockets,1,1,1,1,1,1,0,0,0,0,0,0,0
keystonejs/keystone-classic,1,1,1,1,1,1,1,1,1,1,1,0,0
ElemeFE/element,1,1,1,1,1,1,1,1,1,1,1,1,0
CachetHQ/Cachet,1,1,1,0,0,0,0,0,0,0,0,0,0
facebook/pyre-check,1,1,1,1,0,0,0,0,0,0,0,0,0
vercel/styled-jsx,1,1,1,1,1,1,1,1,1,1,1,1,0
sindresorhus/type-fest,1,1,1,1,1,1,1,1,1,1,1,1,0
microsoft/nni,1,1,1,1,1,1,1,0,0,0,0,0,0
realm/jazzy,1,1,1,1,1,1,1,1,1,1,1,1,0
deepstreamIO/deepstream.io,1,1,1,1,1,1,1,0,0,0,0,0,0
gokcehan/lf,1,1,1,1,0,0,0,0,0,0,0,0,0
Squirrel/Squirrel.Windows,1,1,1,1,1,1,1,1,1,1,1,0,0
nats-io/nats-server,1,1,1,1,1,1,1,1,1,1,1,1,0
moby/moby,1,1,1,1,1,1,1,1,1,1,1,0,0
bcicen/ctop,1,1,1,0,0,0,0,0,0,0,0,0,0
zyedidia/micro,1,1,1,0,0,0,0,0,0,0,0,0,0
kovidgoyal/kitty,1,0,0,0,0,0,0,0,0,0,0,0,0
kivy/python-for-android,1,1,1,1,1,1,1,1,1,0,0,0,0
zalando/patroni,0,0,0,0,0,0,0,0,0,0,0,0,0
primer/octicons,1,1,1,1,1,1,1,1,1,1,0,0,0
iBotPeaches/Apktool,1,1,1,1,1,1,1,1,1,1,1,1,1
versatica/mediasoup,1,1,1,1,1,1,1,1,1,1,1,1,1
babel/babel,1,1,1,1,1,1,1,1,1,1,1,1,0
jaredreich/pell,0,0,0,0,0,0,0,0,0,0,0,0,0
wkentaro/labelme,1,1,1,1,1,1,1,1,1,1,0,0,0
drakkan/sftpgo,1,1,1,1,1,0,0,0,0,0,0,0,0
lingochamp/FileDownloader,1,1,1,1,1,1,1,1,1,1,1,0,0
aws/aws-sdk-go,1,1,1,1,0,0,0,0,0,0,0,0,0
tiangolo/fastapi,1,1,1,1,1,1,1,1,1,1,1,1,0
casesandberg/react-color,1,1,1,1,1,1,1,1,1,1,1,1,1
styled-components/polished,1,1,1,1,1,1,1,1,1,0,0,0,0
BabylonJS/Babylon.js,1,1,1,1,1,1,1,1,1,1,1,0,0
divamgupta/diffusionbee-stable-diffusion-ui,1,1,1,0,0,0,0,0,0,0,0,0,0
websockets/ws,1,1,1,1,1,1,1,1,1,1,1,1,0
sequelize/sequelize,1,1,1,1,1,1,1,1,1,1,1,1,0
stylus/stylus,1,1,1,1,1,1,1,1,1,1,1,1,1
google/draco,1,1,1,1,0,0,0,0,0,0,0,0,0
tylertreat/comcast,1,1,1,1,1,1,1,1,1,1,1,1,1
cefsharp/CefSharp,1,1,1,1,1,1,1,1,1,1,1,1,0
go-pg/pg,0,0,0,0,0,0,0,0,0,0,0,0,0
jacomyal/sigma.js,1,1,1,1,1,1,1,1,1,0,0,0,0
yujincheng08/BiliRoaming,1,1,1,0,0,0,0,0,0,0,0,0,0
django-oscar/django-oscar,1,1,1,1,0,0,0,0,0,0,0,0,0
ray-project/ray,1,1,1,1,1,1,1,1,1,1,1,1,0
confluentinc/librdkafka,1,1,1,1,1,1,1,1,1,1,1,1,0
sqlitebrowser/sqlitebrowser,1,1,1,1,1,1,1,1,1,0,0,0,0
belluzj/fantasque-sans,1,1,1,1,1,1,0,0,0,0,0,0,0
sindresorhus/execa,1,1,1,1,1,1,1,1,1,1,1,1,0
mybatis/mybatis-3,1,1,1,1,1,1,1,1,1,1,0,0,0
mathjax/MathJax,1,1,1,1,1,0,0,0,0,0,0,0,0
jupyterlab/jupyterlab,1,1,1,1,1,1,1,1,1,1,1,1,0
junegunn/fzf,1,1,1,1,1,0,0,0,0,0,0,0,0
groue/GRDB.swift,1,1,1,1,1,1,1,1,1,1,1,1,1
dahlbyk/posh-git,1,1,1,1,1,1,1,1,1,0,0,0,0
Mango/slideout,1,1,1,1,1,1,0,0,0,0,0,0,0
springfox/springfox,1,1,1,1,1,1,1,1,1,1,1,1,1
walkor/workerman,1,1,1,1,1,0,0,0,0,0,0,0,0
ratchetphp/Ratchet,0,0,0,0,0,0,0,0,0,0,0,0,0
astrit/css.gg,1,1,1,1,1,0,0,0,0,0,0,0,0
CISOfy/lynis,0,0,0,0,0,0,0,0,0,0,0,0,0
mongodb/node-mongodb-native,1,1,1,1,1,1,1,1,1,1,0,0,0
sparklemotion/nokogiri,1,1,1,1,1,1,1,1,1,1,1,0,0
drwetter/testssl.sh,1,1,1,1,0,0,0,0,0,0,0,0,0
graphql/graphql-js,1,1,1,1,1,1,1,1,1,1,1,0,0
robotframework/robotframework,1,1,1,1,1,0,0,0,0,0,0,0,0
rmax/scrapy-redis,1,1,1,1,1,1,1,1,1,1,1,1,1
kartik-v/bootstrap-fileinput,1,1,1,1,1,1,1,1,1,1,1,1,0
tabulapdf/tabula,1,1,1,1,1,1,1,1,1,1,1,0,0
redis/jedis,1,1,1,1,1,1,1,1,1,1,0,0,0
gabime/spdlog,1,1,1,1,1,1,1,1,1,1,1,0,0
httpie/cli,1,1,1,1,1,0,0,0,0,0,0,0,0
developit/htm,1,1,1,1,1,1,1,1,0,0,0,0,0
ProjectDent/ARKit-CoreLocation,1,1,1,1,1,1,1,1,1,0,0,0,0
abraunegg/onedrive,1,1,1,1,1,1,1,1,1,1,1,1,1
krzysztofzablocki/Sourcery,1,1,1,1,1,1,0,0,0,0,0,0,0
microsoft/playwright,1,1,1,1,1,1,1,1,1,1,1,1,0
eslint/eslint,1,1,1,1,1,1,1,1,1,1,1,1,0
spotify/luigi,1,1,1,1,1,1,1,1,1,1,1,1,0
rtyley/bfg-repo-cleaner,1,1,1,1,1,1,1,1,1,0,0,0,0
chaijs/chai,1,1,1,1,1,1,1,1,1,1,1,1,0
sschmid/Entitas,1,1,1,1,1,1,1,1,1,0,0,0,0
prolificinteractive/material-calendarview,1,1,1,0,0,0,0,0,0,0,0,0,0
sindresorhus/modern-normalize,1,1,1,1,1,1,1,1,1,1,1,1,1
node-red/node-red,1,1,1,1,1,1,1,1,1,1,0,0,0
mobxjs/mobx-state-tree,1,1,1,1,1,1,1,1,1,1,1,1,0
kulshekhar/ts-jest,1,1,1,1,1,1,1,0,0,0,0,0,0
YoKeyword/Fragmentation,1,1,1,1,1,1,1,1,1,1,1,0,0
twbs/icons,1,1,1,1,1,1,1,1,1,1,1,1,0
dicebear/dicebear,1,1,1,1,1,1,1,1,1,0,0,0,0
utom/sketch-measure,1,1,1,1,1,0,0,0,0,0,0,0,0
HaxeFoundation/haxe,1,1,1,1,1,1,1,1,1,0,0,0,0
seanmonstar/reqwest,1,1,1,1,1,0,0,0,0,0,0,0,0
mikefarah/yq,1,1,1,1,1,1,1,1,1,1,0,0,0
microsoft/CNTK,0,0,0,0,0,0,0,0,0,0,0,0,0
evilsocket/pwnagotchi,1,1,1,1,1,1,1,1,1,1,1,0,0
VerbalExpressions/JSVerbalExpressions,0,0,0,0,0,0,0,0,0,0,0,0,0
pillarjs/path-to-regexp,1,1,1,1,1,0,0,0,0,0,0,0,0
airbnb/lottie-android,1,1,1,1,1,1,1,1,1,0,0,0,0
sachinchoolur/lightGallery,1,1,1,1,1,1,1,1,0,0,0,0,0
reduxjs/react-redux,1,1,1,1,1,1,1,1,1,1,1,0,0
StackStorm/st2,1,1,1,1,1,1,1,1,0,0,0,0,0
abiosoft/colima,1,1,1,1,1,1,1,1,1,1,0,0,0
Alamofire/Alamofire,1,1,1,1,1,1,1,1,1,1,1,1,0
yzhao062/pyod,1,1,1,1,1,1,1,0,0,0,0,0,0
svaarala/duktape,0,0,0,0,0,0,0,0,0,0,0,0,0
snowie2000/mactype,1,1,1,1,1,0,0,0,0,0,0,0,0
basscss/basscss,0,0,0,0,0,0,0,0,0,0,0,0,0
google/guetzli,1,1,1,1,1,1,1,1,1,1,1,1,1
flyway/flyway,1,1,1,1,1,1,1,1,1,0,0,0,0
halide/Halide,1,1,1,1,1,1,1,1,1,1,0,0,0
Ryochan7/DS4Windows,1,0,0,0,0,0,0,0,0,0,0,0,0
gruns/icecream,1,1,1,1,1,0,0,0,0,0,0,0,0
tonsky/datascript,1,1,1,1,1,1,1,1,1,1,0,0,0
marmelab/react-admin,1,1,1,1,1,1,1,1,1,1,0,0,0
Mantle/Mantle,1,1,1,1,1,1,1,1,1,1,0,0,0
mailpile/Mailpile,0,0,0,0,0,0,0,0,0,0,0,0,0
wpscanteam/wpscan,1,1,1,1,1,1,1,1,1,0,0,0,0
mozilla-mobile/firefox-ios,1,1,1,1,1,1,0,0,0,0,0,0,0
apple/foundationdb,0,0,0,0,0,0,0,0,0,0,0,0,0
cmusatyalab/openface,1,1,1,1,1,1,0,0,0,0,0,0,0
borgbackup/borg,1,1,1,1,1,0,0,0,0,0,0,0,0
dompdf/dompdf,1,1,1,1,0,0,0,0,0,0,0,0,0
plotly/dash,1,1,1,1,1,1,1,1,1,1,1,1,0
nvbn/thefuck,1,1,1,1,1,1,1,1,1,1,1,1,0
pallets/flask,1,1,0,0,0,0,0,0,0,0,0,0,0
magit/magit,1,1,0,0,0,0,0,0,0,0,0,0,0
clappr/clappr,1,1,1,1,1,1,0,0,0,0,0,0,0
microsoft/microsoft-ui-xaml,1,1,1,1,1,1,1,1,1,1,1,1,1
opencv/cvat,1,1,1,1,1,1,1,1,1,1,1,1,0
apache/apisix,1,1,1,1,1,1,1,1,1,1,1,1,0
sheerun/vim-polyglot,1,1,1,1,1,1,1,1,1,1,0,0,0
h6ah4i/android-advancedrecyclerview,0,0,0,0,0,0,0,0,0,0,0,0,0
keybase/client,1,1,0,0,0,0,0,0,0,0,0,0,0
lodash/lodash,1,1,1,1,1,1,1,1,1,1,1,1,1
bxcodec/go-clean-arch,1,1,1,1,1,1,1,1,1,1,1,1,1
zulip/zulip,1,1,0,0,0,0,0,0,0,0,0,0,0
pyenv/pyenv,1,1,1,1,1,1,1,1,1,1,1,1,0
webpack/webpack-dev-server,1,1,1,1,1,1,1,1,1,1,1,0,0
dylanaraps/pywal,1,1,1,0,0,0,0,0,0,0,0,0,0
MichaelCade/90DaysOfDevOps,0,0,0,0,0,0,0,0,0,0,0,0,0
AlDanial/cloc,1,1,1,1,1,0,0,0,0,0,0,0,0
developit/unfetch,1,1,1,1,1,1,1,1,0,0,0,0,0
jordansissel/fpm,1,1,1,1,1,1,1,1,1,1,1,1,1
laravel/laravel,1,1,1,1,1,1,1,1,1,1,1,1,0
twitter/finagle,1,1,1,1,1,1,1,1,1,1,0,0,0
iperov/DeepFaceLive,0,0,0,0,0,0,0,0,0,0,0,0,0
vrana/adminer,1,1,1,1,1,1,1,1,1,1,0,0,0
aksakalli/gtop,0,0,0,0,0,0,0,0,0,0,0,0,0
uber/baseweb,1,1,1,1,1,1,1,1,1,1,1,1,0
hackware1993/MagicIndicator,0,0,0,0,0,0,0,0,0,0,0,0,0
pre-commit/pre-commit,1,1,1,1,1,1,1,1,1,1,1,1,1
symfony/event-dispatcher,1,1,1,1,1,0,0,0,0,0,0,0,0
Semantic-Org/Semantic-UI,1,1,1,1,1,0,0,0,0,0,0,0,0
lmcinnes/umap,1,1,1,1,0,0,0,0,0,0,0,0,0
ant-design/ant-design-mobile,1,1,1,1,1,1,1,1,1,1,0,0,0
sensepost/objection,1,1,1,1,1,0,0,0,0,0,0,0,0
yudai/gotty,1,1,1,1,1,1,0,0,0,0,0,0,0
gregberge/loadable-components,1,1,1,1,1,1,1,1,1,1,1,1,0
dilame/instagram-private-api,0,0,0,0,0,0,0,0,0,0,0,0,0
aws/aws-cli,0,0,0,0,0,0,0,0,0,0,0,0,0
reactjs/react-rails,1,1,1,1,1,1,1,1,0,0,0,0,0
appium/appium,1,1,1,1,1,1,1,0,0,0,0,0,0
jitsi/jitsi-meet,0,0,0,0,0,0,0,0,0,0,0,0,0
google/guava,1,1,1,1,1,1,1,1,1,1,0,0,0
symfony/var-dumper,1,1,1,1,1,1,1,1,0,0,0,0,0
artilleryio/artillery,1,1,1,1,1,1,1,0,0,0,0,0,0
microsoft/TypeScript,1,1,1,1,1,0,0,0,0,0,0,0,0
microsoft/windows-rs,1,1,1,1,1,1,1,1,1,1,1,1,0
commitizen/cz-cli,1,1,1,1,1,1,1,1,1,1,1,1,0
semantic-release/semantic-release,1,1,1,1,1,1,1,1,1,1,1,1,0
deployphp/deployer,1,1,1,1,1,1,1,0,0,0,0,0,0
p0deje/Maccy,1,1,1,1,1,1,1,1,1,1,1,0,0
shenweichen/DeepCTR,1,1,1,1,1,1,0,0,0,0,0,0,0
dusty-nv/jetson-inference,0,0,0,0,0,0,0,0,0,0,0,0,0
code4craft/webmagic,1,1,1,1,1,1,1,1,1,1,1,0,0
htr-tech/zphisher,1,1,1,1,0,0,0,0,0,0,0,0,0
alyssaxuu/screenity,0,0,0,0,0,0,0,0,0,0,0,0,0
libevent/libevent,1,1,1,1,1,1,1,1,1,1,1,0,0
JetBrains/Exposed,1,1,1,1,1,1,1,1,1,1,1,1,1
matrix-org/synapse,1,1,1,1,1,1,1,1,1,1,1,1,0
jhy/jsoup,1,1,1,1,1,1,0,0,0,0,0,0,0
ReactiveX/RxKotlin,1,1,1,1,0,0,0,0,0,0,0,0,0
webpack/webpack,1,1,1,1,1,0,0,0,0,0,0,0,0
HarlonWang/AVLoadingIndicatorView,0,0,0,0,0,0,0,0,0,0,0,0,0
Financial-Times/polyfill-service,1,1,1,1,1,1,1,1,0,0,0,0,0
snail007/goproxy,0,0,0,0,0,0,0,0,0,0,0,0,0
PointCloudLibrary/pcl,1,1,1,1,1,1,1,1,1,1,1,0,0
cloudflare/cloudflared,0,0,0,0,0,0,0,0,0,0,0,0,0
spatie/laravel-backup,1,1,1,1,1,0,0,0,0,0,0,0,0
seaweedfs/seaweedfs,1,1,1,1,1,1,1,1,1,1,0,0,0
pachyderm/pachyderm,1,1,1,1,1,1,1,1,1,0,0,0,0
Y2Z/monolith,0,0,0,0,0,0,0,0,0,0,0,0,0
meienberger/runtipi,1,1,1,1,1,1,1,0,0,0,0,0,0
stretchr/testify,1,1,1,1,1,1,1,0,0,0,0,0,0
jhen0409/react-native-debugger,1,1,1,1,1,1,1,1,1,1,1,1,0
shirou/gopsutil,1,1,1,1,1,1,1,1,1,1,1,1,1
HangfireIO/Hangfire,1,1,1,1,1,1,1,0,0,0,0,0,0
MichaelMure/git-bug,1,1,1,1,1,1,1,1,1,0,0,0,0
smacke/ffsubsync,0,0,0,0,0,0,0,0,0,0,0,0,0
gin-gonic/gin,1,1,1,1,1,1,1,1,1,1,1,0,0
RicoSuter/NSwag,1,1,1,1,1,1,1,0,0,0,0,0,0
fkling/astexplorer,1,1,1,1,1,1,1,1,1,1,1,0,0
github/gh-ost,1,1,1,1,1,1,1,1,0,0,0,0,0
hajimehoshi/ebiten,1,1,1,0,0,0,0,0,0,0,0,0,0
CocoaPods/CocoaPods,1,1,1,1,1,1,1,1,1,1,1,1,0
LMAX-Exchange/disruptor,1,1,1,1,1,0,0,0,0,0,0,0,0
felangel/bloc,1,1,1,1,0,0,0,0,0,0,0,0,0
angular/angular,1,1,1,1,1,1,1,1,1,1,1,1,0
Hammerspoon/hammerspoon,1,1,0,0,0,0,0,0,0,0,0,0,0
muaz-khan/RecordRTC,1,1,1,1,1,1,1,1,1,1,1,0,0
junit-team/junit5,0,0,0,0,0,0,0,0,0,0,0,0,0
ReactiveCocoa/ReactiveCocoa,1,1,1,1,1,1,1,1,1,1,0,0,0
electronicarts/EASTL,1,1,1,1,0,0,0,0,0,0,0,0,0
php-fig/log,1,1,1,1,1,1,0,0,0,0,0,0,0
stefanprodan/dockprom,0,0,0,0,0,0,0,0,0,0,0,0,0
tiangolo/typer,1,1,1,1,1,1,1,1,1,1,1,1,0
ptomasroos/react-native-scrollable-tab-view,1,1,1,1,1,1,1,1,0,0,0,0,0
bigbluebutton/bigbluebutton,1,1,1,1,1,1,1,1,1,1,1,1,0
thoughtbot/bourbon,1,1,1,1,1,0,0,0,0,0,0,0,0
typicode/lowdb,1,1,1,1,1,0,0,0,0,0,0,0,0
maxgoedjen/secretive,1,1,1,1,1,1,1,1,1,1,1,1,1
Netflix/conductor,1,1,1,1,1,1,0,0,0,0,0,0,0
tensorflow/serving,1,1,1,1,1,1,1,1,0,0,0,0,0
popcorn-official/popcorn-desktop,0,0,0,0,0,0,0,0,0,0,0,0,0
apache/dubbo-spring-boot-project,1,1,1,1,1,1,1,1,1,0,0,0,0
laurent22/joplin,1,1,1,1,1,1,1,1,1,1,1,0,0
verekia/js-stack-from-scratch,0,0,0,0,0,0,0,0,0,0,0,0,0
bitcoin/bitcoin,0,0,0,0,0,0,0,0,0,0,0,0,0
apple/swift-nio,1,1,1,1,1,1,1,1,1,1,1,0,0
serbanghita/Mobile-Detect,0,0,0,0,0,0,0,0,0,0,0,0,0
microsoft/unilm,1,1,1,1,1,1,0,0,0,0,0,0,0
SergioBenitez/Rocket,1,0,0,0,0,0,0,0,0,0,0,0,0
tealeg/xlsx,1,1,1,1,1,1,1,1,0,0,0,0,0
GoogleChrome/workbox,1,1,1,1,1,1,1,1,1,1,1,1,0
redis/node-redis,1,1,1,1,1,1,1,0,0,0,0,0,0
maxence-charriere/go-app,1,1,1,0,0,0,0,0,0,0,0,0,0
reduxjs/redux,1,1,1,1,1,1,1,1,1,1,1,1,0
jaredpalmer/razzle,1,1,1,1,1,1,1,1,1,1,1,0,0
getlantern/lantern,0,0,0,0,0,0,0,0,0,0,0,0,0
cli/cli,1,1,1,1,1,1,1,1,1,1,1,1,1
vuejs/pinia,1,1,1,0,0,0,0,0,0,0,0,0,0
StevenBlack/hosts,1,1,1,1,1,1,1,1,1,1,1,1,1
redis/go-redis,1,1,1,1,1,1,1,0,0,0,0,0,0
codecentric/spring-boot-admin,1,1,1,1,1,1,1,1,1,0,0,0,0
opf/openproject,1,1,1,1,1,1,1,1,1,1,1,1,0
fantasyland/fantasy-land,1,1,1,1,1,1,1,1,1,1,1,0,0
symfony/process,1,1,1,1,1,1,1,0,0,0,0,0,0
dropzone/dropzone,1,1,1,1,1,1,1,1,1,0,0,0,0
facebookresearch/fairseq,1,1,1,1,1,1,1,1,1,1,0,0,0
yarolegovich/DiscreteScrollView,0,0,0,0,0,0,0,0,0,0,0,0,0
Shopify/draggable,1,1,1,1,1,1,0,0,0,0,0,0,0
snapappointments/bootstrap-select,1,1,1,1,1,1,1,1,1,1,0,0,0
nhn/tui.chart,1,1,1,1,1,1,0,0,0,0,0,0,0
amark/gun,1,1,1,1,0,0,0,0,0,0,0,0,0
krzyzanowskim/CryptoSwift,1,1,1,0,0,0,0,0,0,0,0,0,0
GoogleCloudPlatform/terraformer,1,1,1,1,1,1,1,1,1,1,1,1,0
styled-components/styled-components,1,1,1,1,1,1,1,1,1,1,0,0,0
antonioru/beautiful-react-hooks,0,0,0,0,0,0,0,0,0,0,0,0,0
Ramotion/folding-cell,0,0,0,0,0,0,0,0,0,0,0,0,0
BetterDiscord/BetterDiscord,1,1,1,1,1,1,1,1,0,0,0,0,0
DrKLO/Telegram,0,0,0,0,0,0,0,0,0,0,0,0,0
tw93/Pake,1,1,1,1,1,0,0,0,0,0,0,0,0
thoughtbot/factory_bot,1,1,1,0,0,0,0,0,0,0,0,0,0
connors/photon,1,1,1,1,1,1,1,1,1,0,0,0,0
segmentio/kafka-go,1,1,1,1,1,1,1,1,1,1,1,1,1
angular-ui/ui-grid,1,1,1,0,0,0,0,0,0,0,0,0,0
fengyuanchen/cropperjs,1,1,1,1,1,1,1,1,1,0,0,0,0
infinitered/ignite,1,1,1,1,1,1,1,1,1,1,1,1,0
smartystreets/goconvey,1,1,1,1,1,1,1,1,1,1,0,0,0
AutoHotkey/AutoHotkey,1,1,1,1,0,0,0,0,0,0,0,0,0
naman14/Timber,0,0,0,0,0,0,0,0,0,0,0,0,0
joelittlejohn/jsonschema2pojo,1,1,1,1,1,1,1,1,1,1,1,1,1
symfony/debug,1,1,1,1,1,1,0,0,0,0,0,0,0
keras-team/autokeras,1,1,1,1,1,0,0,0,0,0,0,0,0
shadcn/ui,1,1,1,1,1,1,1,1,1,1,1,1,1
cloudflare/quiche,1,1,1,0,0,0,0,0,0,0,0,0,0
google-deepmind/pysc2,0,0,0,0,0,0,0,0,0,0,0,0,0
givanz/VvvebJs,0,0,0,0,0,0,0,0,0,0,0,0,0
cloudflare/boringtun,1,1,1,1,1,1,1,1,1,1,1,1,1
activerecord-hackery/ransack,1,1,1,1,1,1,1,1,1,1,1,1,0
mbdavid/LiteDB,1,1,1,1,1,1,1,0,0,0,0,0,0
hyperium/hyper,1,1,1,1,1,1,1,1,1,1,1,1,0
iSoron/uhabits,1,1,1,1,1,0,0,0,0,0,0,0,0
baldurk/renderdoc,1,1,1,1,1,1,1,1,1,0,0,0,0
fish-shell/fish-shell,1,1,1,1,1,1,1,1,1,1,1,1,0
zeek/zeek,1,1,1,1,1,1,1,1,0,0,0,0,0
Shopify/toxiproxy,1,1,1,1,1,1,1,1,1,1,0,0,0
zenoamaro/react-quill,1,1,1,1,1,1,1,1,1,0,0,0,0
google/material-design-icons,1,1,1,1,0,0,0,0,0,0,0,0,0
uber/cadence,1,1,1,1,1,1,1,1,1,1,1,1,0
mediaelement/mediaelement,1,1,1,1,1,1,1,1,1,1,0,0,0
c0re100/qBittorrent-Enhanced-Edition,1,1,1,1,1,1,1,0,0,0,0,0,0
DevExpress/testcafe,1,1,1,1,1,1,1,1,1,1,1,1,0
square/leakcanary,1,1,0,0,0,0,0,0,0,0,0,0,0
coreybutler/nvm-windows,1,1,1,1,1,1,1,1,0,0,0,0,0
mmistakes/minimal-mistakes,1,1,1,1,1,1,1,1,1,1,1,1,0
openssl/openssl,0,0,0,0,0,0,0,0,0,0,0,0,0
tweepy/tweepy,1,1,1,1,1,1,1,1,1,1,1,1,0
expressjs/session,0,0,0,0,0,0,0,0,0,0,0,0,0
universal-ctags/ctags,1,1,1,1,1,1,1,1,1,1,1,1,1
dgtlmoon/changedetection.io,1,1,1,1,1,1,1,0,0,0,0,0,0
ppoffice/hexo-theme-icarus,1,1,1,1,1,1,1,1,1,1,1,0,0
musescore/MuseScore,1,1,0,0,0,0,0,0,0,0,0,0,0
NVIDIA/NeMo,1,1,1,1,1,1,1,1,1,0,0,0,0
yarnpkg/berry,1,1,1,1,0,0,0,0,0,0,0,0,0
dc-js/dc.js,1,1,0,0,0,0,0,0,0,0,0,0,0
dotansimha/graphql-yoga,1,1,1,1,1,1,1,1,1,1,1,1,0
syncthing/syncthing,1,1,1,1,1,1,1,1,1,1,1,1,0
unicorn-engine/unicorn,1,1,1,1,1,1,0,0,0,0,0,0,0
joke2k/faker,0,0,0,0,0,0,0,0,0,0,0,0,0
ageitgey/face_recognition,0,0,0,0,0,0,0,0,0,0,0,0,0
telegramdesktop/tdesktop,0,0,0,0,0,0,0,0,0,0,0,0,0
bobthecow/psysh,1,1,1,0,0,0,0,0,0,0,0,0,0
rt2zz/redux-persist,1,1,1,1,1,1,1,0,0,0,0,0,0
jquery/jquery,0,0,0,0,0,0,0,0,0,0,0,0,0
wolfpld/tracy,1,1,1,1,1,1,1,1,1,1,1,0,0
swc-project/swc,1,1,1,1,1,1,1,1,1,1,1,1,1
expressjs/express,0,0,0,0,0,0,0,0,0,0,0,0,0
leongersen/noUiSlider,1,1,1,1,1,1,1,1,1,0,0,0,0
mac-cain13/R.swift,1,1,0,0,0,0,0,0,0,0,0,0,0
veler/DevToys,1,1,1,1,1,1,1,1,1,1,1,1,0
samratashok/nishang,0,0,0,0,0,0,0,0,0,0,0,0,0
zo0r/react-native-push-notification,1,1,1,1,1,1,1,1,1,1,1,1,0
EsotericSoftware/kryo,1,1,1,1,1,1,1,1,1,0,0,0,0
flutter/gallery,1,1,1,1,1,1,0,0,0,0,0,0,0
microsoft/napajs,1,1,1,1,1,0,0,0,0,0,0,0,0
kyleneideck/BackgroundMusic,1,1,1,1,1,1,1,1,1,1,1,1,0
apache/echarts,1,1,1,1,1,1,1,1,0,0,0,0,0
jsdom/jsdom,1,1,1,1,0,0,0,0,0,0,0,0,0
symfony/translation,1,1,1,1,1,1,1,1,0,0,0,0,0
IvanGoncharov/graphql-voyager,1,1,1,1,1,1,1,1,1,0,0,0,0
garris/BackstopJS,1,1,1,1,1,1,0,0,0,0,0,0,0
phw/peek,1,1,1,1,1,1,1,1,0,0,0,0,0
socketio/socket.io-client,1,1,1,1,1,1,1,1,1,1,0,0,0
OpenVPN/openvpn,1,1,1,1,1,1,1,1,1,1,1,1,1
fengyuanchen/viewerjs,1,1,1,1,1,1,1,1,1,0,0,0,0
traefik/yaegi,1,1,1,1,1,1,1,1,1,1,1,1,0
greatscottgadgets/hackrf,0,0,0,0,0,0,0,0,0,0,0,0,0
dropwizard/dropwizard,1,1,1,1,1,1,1,1,1,1,1,1,0
openshift/origin,1,1,1,1,1,1,1,1,1,1,1,0,0
pacocoursey/cmdk,1,1,1,1,1,1,1,1,1,1,1,0,0
89luca89/distrobox,1,1,1,1,1,1,1,1,0,0,0,0,0
Konloch/bytecode-viewer,1,1,1,0,0,0,0,0,0,0,0,0,0
OptimalBits/bull,1,1,1,1,1,1,1,1,1,1,1,1,1
snare/voltron,0,0,0,0,0,0,0,0,0,0,0,0,0
lipis/flag-icons,1,1,0,0,0,0,0,0,0,0,0,0,0
gephi/gephi,1,1,1,1,1,1,1,1,0,0,0,0,0
powerline/powerline,1,1,0,0,0,0,0,0,0,0,0,0,0
ecomfe/zrender,1,1,1,1,1,1,0,0,0,0,0,0,0
duplicati/duplicati,1,1,1,1,0,0,0,0,0,0,0,0,0
vuejs/apollo,1,1,1,1,1,1,1,1,1,0,0,0,0
chartjs/Chart.js,1,1,1,1,1,1,1,1,1,1,1,0,0
keystonejs/keystone,1,1,1,1,1,1,1,1,1,1,1,1,1
i18next/i18next,1,1,1,1,1,1,1,1,0,0,0,0,0
Shopify/react-native-skia,1,1,1,1,1,1,1,1,1,1,1,1,0
microsoft/cpprestsdk,1,1,1,1,1,1,1,1,1,0,0,0,0
dmlc/gluon-cv,1,1,1,1,1,1,1,1,1,1,1,0,0
xmartlabs/XLForm,1,1,1,1,1,1,1,0,0,0,0,0,0
uNetworking/uWebSockets,1,1,1,0,0,0,0,0,0,0,0,0,0
CoderMJLee/MJRefresh,1,1,1,1,1,0,0,0,0,0,0,0,0
hakimel/reveal.js,1,1,1,1,1,1,1,1,1,0,0,0,0
romkatv/powerlevel10k,1,1,1,1,1,1,1,0,0,0,0,0,0
locustio/locust,1,1,1,1,1,1,1,1,1,1,1,0,0
redis/redis,1,1,1,1,1,1,1,1,1,1,1,0,0
rbenv/rbenv,1,1,1,1,1,1,0,0,0,0,0,0,0
rust-lang/rustlings,1,1,1,1,1,1,1,1,1,1,1,0,0
day8/re-frame,1,1,1,1,1,1,1,0,0,0,0,0,0
yujiosaka/headless-chrome-crawler,0,0,0,0,0,0,0,0,0,0,0,0,0
msiemens/tinydb,1,1,1,1,1,1,1,1,1,1,1,1,1
sindresorhus/query-string,1,1,1,1,1,1,1,1,1,1,1,1,0
jasmine/jasmine,1,0,0,0,0,0,0,0,0,0,0,0,0
weaveworks/weave,1,1,1,1,1,1,1,1,1,1,1,1,0
octref/polacode,1,1,1,1,1,1,1,1,1,1,1,1,1
purescript/purescript,1,1,1,1,1,1,0,0,0,0,0,0,0
spring-projects/spring-security,1,1,1,1,1,1,1,1,1,1,1,1,1
yhirose/cpp-httplib,1,1,1,1,1,1,1,1,1,1,0,0,0
notepad-plus-plus/notepad-plus-plus,1,1,1,1,1,1,1,0,0,0,0,0,0
openframeworks/openFrameworks,1,1,1,1,1,1,1,0,0,0,0,0,0
airyland/vux,1,1,1,1,1,1,1,1,1,1,1,0,0
rabbitmq/rabbitmq-server,1,1,1,1,1,1,1,1,1,1,1,0,0
steipete/Aspects,0,0,0,0,0,0,0,0,0,0,0,0,0
lucasg/Dependencies,0,0,0,0,0,0,0,0,0,0,0,0,0
deviantony/docker-elk,1,1,1,1,1,1,1,1,0,0,0,0,0
ziglang/zig,0,0,0,0,0,0,0,0,0,0,0,0,0
yonaskolb/XcodeGen,1,1,1,1,1,1,1,1,1,1,1,1,0
paulmillr/chokidar,1,1,1,1,1,0,0,0,0,0,0,0,0
tiangolo/sqlmodel,1,1,1,1,1,1,1,1,1,1,1,1,1
jasontaylordev/CleanArchitecture,1,1,1,1,1,0,0,0,0,0,0,0,0
ElemeFE/v-charts,1,1,1,1,0,0,0,0,0,0,0,0,0
stanfordnlp/stanza,1,1,1,1,1,1,1,1,1,1,1,1,0
BishopFox/sliver,1,1,1,1,1,1,1,1,1,1,1,0,0
PostgresApp/PostgresApp,1,1,1,1,1,0,0,0,0,0,0,0,0
keras-team/keras,1,1,1,1,1,1,0,0,0,0,0,0,0
bower/bower,1,1,1,1,1,1,1,1,1,1,0,0,0
laravel/framework,1,1,1,1,1,1,1,1,1,1,1,1,0
encode/uvicorn,1,1,1,1,1,1,1,1,1,1,1,0,0
shentao/vue-multiselect,1,1,1,1,1,1,1,1,1,0,0,0,0
hubotio/hubot,1,1,1,1,1,1,1,1,1,1,1,1,0
kubernetes/kubernetes,1,1,1,1,0,0,0,0,0,0,0,0,0
kubernetes/kompose,1,1,1,1,1,1,1,1,1,0,0,0,0
sindresorhus/Gifski,1,1,1,1,1,0,0,0,0,0,0,0,0
bblanchon/ArduinoJson,1,1,1,1,1,1,1,1,1,1,1,1,0
knockout/knockout,1,1,1,1,1,1,1,1,0,0,0,0,0
apache/skywalking,1,1,1,1,1,0,0,0,0,0,0,0,0
jarun/buku,1,1,1,1,0,0,0,0,0,0,0,0,0
BurntSushi/ripgrep,1,1,1,1,1,1,1,1,0,0,0,0,0
cockpit-project/cockpit,1,1,1,0,0,0,0,0,0,0,0,0,0
snipe/snipe-it,1,1,1,1,1,1,1,1,1,1,0,0,0
hybridgroup/gobot,1,1,1,1,1,1,0,0,0,0,0,0,0
harvesthq/chosen,1,1,1,1,1,1,1,1,1,1,1,1,0
google/material-design-lite,1,1,1,1,1,1,1,1,1,1,1,0,0
checkstyle/checkstyle,1,1,1,1,1,1,1,1,1,1,1,0,0
lebinh/ngxtop,0,0,0,0,0,0,0,0,0,0,0,0,0
zeromq/libzmq,1,1,1,1,1,1,1,1,1,1,1,1,0
kivy/kivy,1,1,1,1,1,1,1,1,1,1,0,0,0
mozilla/geckodriver,1,1,1,1,1,1,1,0,0,0,0,0,0
ramda/ramda,1,1,1,1,1,1,1,1,1,1,1,0,0
elastic/beats,1,1,0,0,0,0,0,0,0,0,0,0,0
spring-projects/spring-framework,1,1,1,1,1,1,1,1,1,1,1,1,1
Kong/kong,1,1,1,1,1,1,1,1,1,1,1,0,0
ldcsaa/HP-Socket,1,1,1,1,1,1,1,1,1,1,1,1,0
hackiftekhar/IQKeyboardManager,1,1,0,0,0,0,0,0,0,0,0,0,0
ipfs/ipfs-desktop,1,1,1,1,1,1,1,1,1,1,0,0,0
elastic/eui,1,1,1,1,1,1,1,1,1,1,1,1,0
cucumber/cucumber-ruby,1,1,1,1,1,1,1,1,1,1,1,1,1
swoole/swoole-src,1,1,1,1,1,1,0,0,0,0,0,0,0
o2sh/onefetch,1,1,1,1,1,1,1,1,1,0,0,0,0
tsenart/vegeta,1,1,1,1,1,1,1,1,1,1,0,0,0
nasa-jpl/open-source-rover,1,1,1,1,1,1,1,1,0,0,0,0,0
google/flexbox-layout,1,1,1,1,1,1,1,1,1,1,1,0,0
transitive-bullshit/chatgpt-api,1,1,1,1,1,1,1,1,1,1,1,1,0
weaveworks/scope,1,1,1,1,1,0,0,0,0,0,0,0,0
sindresorhus/np,1,1,1,1,1,1,1,1,1,1,1,1,1
gcanti/io-ts,1,1,1,1,1,1,1,1,0,0,0,0,0
wekan/wekan,1,1,1,1,1,1,1,1,1,1,1,0,0
jdan/98.css,1,1,1,1,1,1,1,1,1,0,0,0,0
javve/list.js,1,1,1,1,1,1,1,1,1,1,1,1,1
influxdata/influxdb,1,1,1,1,1,1,1,1,1,0,0,0,0
Foundry376/Mailspring,1,1,1,1,1,1,1,1,1,0,0,0,0
star7th/showdoc,0,0,0,0,0,0,0,0,0,0,0,0,0
kean/Pulse,1,1,1,1,1,1,1,0,0,0,0,0,0
mingrammer/diagrams,1,1,1,1,1,1,1,1,1,1,1,0,0
apache/openwhisk,1,1,1,1,1,1,1,1,1,1,1,1,1
docker/compose,1,1,1,1,1,0,0,0,0,0,0,0,0
sockjs/sockjs-client,1,1,1,1,1,1,1,1,1,1,1,0,0
apache/beam,1,1,1,1,1,1,1,1,1,1,1,1,0
SwiftKickMobile/SwiftMessages,1,1,1,1,1,1,1,1,1,0,0,0,0
julienschmidt/httprouter,1,1,1,1,1,1,1,1,1,1,1,1,1
gcla/termshark,1,1,1,1,1,1,1,1,1,1,1,1,1
stanfordnlp/CoreNLP,1,1,1,1,1,1,1,1,0,0,0,0,0
aleju/imgaug,1,1,1,1,1,1,1,1,1,1,1,1,1
ServiceStack/ServiceStack,1,0,0,0,0,0,0,0,0,0,0,0,0
sirupsen/logrus,1,1,1,1,1,1,1,1,1,0,0,0,0
akveo/kittenTricks,1,1,1,1,1,1,1,1,1,1,1,1,1
bda-research/node-crawler,1,1,1,1,1,1,0,0,0,0,0,0,0
malcommac/SwiftDate,1,1,1,1,1,1,1,1,1,1,1,0,0
mrniko/netty-socketio,0,0,0,0,0,0,0,0,0,0,0,0,0
pastelsky/bundlephobia,1,1,1,1,1,1,1,1,1,1,1,0,0
tinode/chat,1,1,1,1,1,1,1,1,1,0,0,0,0
mvdan/sh,1,1,1,1,1,1,1,1,0,0,0,0,0
Genymobile/scrcpy,1,1,1,1,1,1,1,1,1,1,1,1,0
JakeLin/SwiftLanguageWeather,0,0,0,0,0,0,0,0,0,0,0,0,0
janeczku/calibre-web,1,1,0,0,0,0,0,0,0,0,0,0,0
GrenderG/Toasty,1,1,1,1,1,1,1,1,1,1,1,1,1
aria2/aria2,1,1,1,1,0,0,0,0,0,0,0,0,0
domlysz/BlenderGIS,0,0,0,0,0,0,0,0,0,0,0,0,0
agalwood/Motrix,1,1,1,1,1,1,1,1,1,1,1,0,0
leemunroe/responsive-html-email-template,1,1,1,1,1,1,1,1,1,1,1,1,1
sampotts/plyr,1,1,1,1,1,1,1,0,0,0,0,0,0
apache/superset,1,1,1,1,0,0,0,0,0,0,0,0,0
matze/mtheme,1,1,1,1,1,1,0,0,0,0,0,0,0
eternnoir/pyTelegramBotAPI,1,1,1,0,0,0,0,0,0,0,0,0,0
libuv/libuv,1,1,1,1,1,1,1,1,1,1,1,1,1
official-stockfish/Stockfish,1,1,1,1,1,1,1,1,1,1,1,1,1
josStorer/chatGPTBox,1,1,1,1,1,1,1,1,1,1,1,1,0
BoostIO/BoostNote-Legacy,1,1,1,1,0,0,0,0,0,0,0,0,0
haifengl/smile,0,0,0,0,0,0,0,0,0,0,0,0,0
benfred/py-spy,1,1,1,1,1,1,1,1,1,1,1,1,1
dpkp/kafka-python,1,1,1,1,1,1,1,1,0,0,0,0,0
Tyrrrz/DiscordChatExporter,1,0,0,0,0,0,0,0,0,0,0,0,0
eclipse/che,1,1,1,1,1,1,1,1,1,1,1,0,0
bulletphysics/bullet3,1,1,1,1,1,1,1,1,1,1,1,0,0
zenorocha/clipboard.js,1,1,1,1,1,1,1,1,0,0,0,0,0
klange/toaruos,1,1,1,1,1,1,1,0,0,0,0,0,0
tstack/lnav,0,0,0,0,0,0,0,0,0,0,0,0,0
OAI/OpenAPI-Specification,0,0,0,0,0,0,0,0,0,0,0,0,0
mikepenz/Android-Iconics,1,1,1,1,1,1,0,0,0,0,0,0,0
ds300/patch-package,1,1,1,1,1,1,1,1,1,1,1,0,0
koalaman/shellcheck,0,0,0,0,0,0,0,0,0,0,0,0,0
joewalnes/websocketd,1,1,1,1,1,0,0,0,0,0,0,0,0
skypjack/entt,1,1,1,0,0,0,0,0,0,0,0,0,0
ivpusic/react-native-image-crop-picker,1,1,1,1,1,1,1,1,1,1,1,1,0
vuejs/vuepress,1,1,1,1,1,1,1,1,1,1,1,1,1
iview/iview-admin,1,1,1,1,1,1,1,1,1,0,0,0,0
akavel/up,1,1,1,1,1,1,1,1,1,0,0,0,0
bytedeco/javacv,1,1,1,1,1,1,1,1,1,1,1,1,1
Unity-Technologies/ml-agents,1,1,1,1,1,1,1,1,0,0,0,0,0
99designs/gqlgen,1,1,1,1,1,1,1,1,1,1,1,0,0
kataras/iris,1,1,1,1,1,1,1,1,0,0,0,0,0
ianyh/Amethyst,1,1,1,1,1,1,1,1,0,0,0,0,0
coleifer/peewee,1,1,1,1,1,1,1,1,1,0,0,0,0
orhanobut/logger,1,1,1,0,0,0,0,0,0,0,0,0,0
diegomura/react-pdf,1,1,1,1,1,1,1,1,1,1,1,1,0
aseprite/aseprite,1,1,1,1,1,1,1,1,1,1,0,0,0
nlohmann/json,1,1,1,1,1,1,1,1,1,1,1,0,0
projectdiscovery/katana,1,1,1,1,1,1,1,1,1,1,1,0,0
microsoft/PowerToys,1,1,1,1,1,1,1,1,1,0,0,0,0
pixijs/pixijs,1,1,1,1,1,1,1,1,1,0,0,0,0
google/gops,1,1,1,1,1,1,1,1,1,1,1,1,0
arzzen/git-quick-stats,1,1,1,1,1,1,1,1,1,1,0,0,0
google/google-java-format,1,1,1,1,1,1,1,1,1,1,0,0,0
imagemin/imagemin,1,1,1,1,1,1,1,1,1,1,1,1,1
google/zx,1,1,1,1,1,1,1,1,1,0,0,0,0
mixn/carbon-now-cli,1,1,1,1,1,1,1,1,1,1,1,1,1
panjf2000/ants,1,1,1,1,1,1,1,1,1,1,1,1,0
vuejs/vue,1,1,1,1,1,1,1,1,1,0,0,0,0
futurepress/epub.js,1,1,1,1,0,0,0,0,0,0,0,0,0
Perfare/Il2CppDumper,0,0,0,0,0,0,0,0,0,0,0,0,0
enso-org/enso,1,1,1,1,1,1,1,1,1,1,1,1,0
krallin/tini,1,1,1,1,1,1,1,1,0,0,0,0,0
pallets/werkzeug,1,1,1,0,0,0,0,0,0,0,0,0,0
jpush/aurora-imui,1,1,1,1,1,1,1,1,0,0,0,0,0
balena-io/etcher,1,1,1,1,1,1,1,0,0,0,0,0,0
iampawan/Flutter-UI-Kit,0,0,0,0,0,0,0,0,0,0,0,0,0
vapor/vapor,1,1,1,1,1,1,1,0,0,0,0,0,0
huggingface/peft,1,1,1,1,1,1,1,1,1,1,1,0,0
deezer/spleeter,0,0,0,0,0,0,0,0,0,0,0,0,0
witheve/Eve,1,1,1,1,1,1,1,1,1,0,0,0,0
ianstormtaylor/slate,1,1,1,1,1,1,1,1,1,1,1,0,0
microsoft/LightGBM,1,1,1,1,1,1,1,1,1,1,1,0,0
electron/electron,1,1,1,1,1,1,1,1,1,1,1,0,0
Dman95/SASM,1,1,1,1,1,1,1,1,1,1,1,1,1
julienXX/terminal-notifier,0,0,0,0,0,0,0,0,0,0,0,0,0
raineorshine/npm-check-updates,1,1,1,1,1,1,1,0,0,0,0,0,0
jaywcjlove/hotkeys-js,1,1,1,1,1,1,1,1,1,1,1,1,0
Netflix/metaflow,1,1,1,1,1,1,1,1,1,1,1,1,0
bkeepers/dotenv,1,1,1,1,1,1,1,1,1,1,1,1,1
patrickmn/go-cache,0,0,0,0,0,0,0,0,0,0,0,0,0
drakeet/MultiType,1,1,1,1,1,1,1,1,1,1,1,0,0
nukeop/nuclear,1,1,0,0,0,0,0,0,0,0,0,0,0
Bearded-Hen/Android-Bootstrap,0,0,0,0,0,0,0,0,0,0,0,0,0
clauderic/dnd-kit,1,1,1,1,1,1,1,1,1,1,1,1,1
vadimdemedes/ink,1,1,1,1,1,1,1,1,1,1,1,1,0
gogo/protobuf,1,1,1,1,1,0,0,0,0,0,0,0,0
minio/minio,1,1,1,1,1,1,1,1,1,1,1,1,0
atlassian/react-beautiful-dnd,1,1,1,1,1,1,1,1,1,1,1,1,0
gilbarbara/react-joyride,1,1,1,1,1,1,1,1,1,0,0,0,0
Yalantis/uCrop,1,1,1,1,1,1,0,0,0,0,0,0,0
thoughtbot/administrate,1,1,1,1,1,1,1,1,1,1,1,1,0
yuin/gopher-lua,1,1,1,1,1,1,1,1,1,1,1,1,1
bloc97/Anime4K,1,1,1,1,1,1,0,0,0,0,0,0,0
flike/kingshard,0,0,0,0,0,0,0,0,0,0,0,0,0
dimsemenov/PhotoSwipe,1,1,1,1,1,1,1,1,1,0,0,0,0
vuejs/vuex,1,1,1,1,1,1,1,1,0,0,0,0,0
apache/airflow,1,1,1,1,1,1,1,1,1,1,1,0,0
szimek/signature_pad,1,1,1,1,1,1,1,1,0,0,0,0,0
journeyapps/zxing-android-embedded,1,1,1,1,1,1,1,1,1,1,0,0,0
donnemartin/gitsome,1,1,1,1,1,1,1,1,1,1,1,0,0
pbatard/rufus,1,1,1,1,1,1,1,1,1,1,1,0,0
google/accompanist,1,1,1,1,1,1,1,1,1,1,1,1,0
conda/conda,1,1,1,1,1,1,1,1,1,1,1,1,0
QingdaoU/OnlineJudge,1,1,1,1,1,1,0,0,0,0,0,0,0
yanue/V2rayU,1,1,1,1,0,0,0,0,0,0,0,0,0
KeepSafe/TapTargetView,1,1,1,1,1,1,1,1,1,1,1,1,0
microsoft/MixedRealityToolkit-Unity,1,1,1,1,1,1,1,1,1,1,0,0,0
AdguardTeam/AdGuardHome,1,1,1,1,1,1,1,1,1,1,1,1,0
Wilfred/difftastic,1,1,1,0,0,0,0,0,0,0,0,0,0
pandas-dev/pandas,1,1,1,0,0,0,0,0,0,0,0,0,0
ValdikSS/GoodbyeDPI,1,1,1,1,1,1,0,0,0,0,0,0,0
nadbm/react-datasheet,1,1,1,1,1,1,0,0,0,0,0,0,0
mobxjs/mobx,1,1,1,1,1,1,1,1,1,1,1,1,0
yagop/node-telegram-bot-api,1,1,1,1,0,0,0,0,0,0,0,0,0
peers/peerjs,1,1,1,1,1,1,1,1,1,1,1,1,0
binwiederhier/ntfy,1,1,1,1,1,1,1,1,1,1,1,1,0
sindresorhus/ky,1,1,1,1,1,1,1,1,1,1,1,1,0
certbot/certbot,1,1,1,1,1,0,0,0,0,0,0,0,0
MacPass/MacPass,1,1,1,1,1,1,1,0,0,0,0,0,0
lutris/lutris,1,0,0,0,0,0,0,0,0,0,0,0,0
elastic/elasticsearch,0,0,0,0,0,0,0,0,0,0,0,0,0
iamkun/dayjs,1,1,1,1,1,1,1,1,1,1,1,1,1
realm/realm-js,1,1,1,1,1,1,1,1,1,1,1,0,0
alexellis/k3sup,1,1,1,1,1,1,1,1,1,1,0,0,0
mikf/gallery-dl,1,1,1,1,1,1,1,1,1,1,1,0,0
jgraph/drawio-desktop,1,1,1,1,1,0,0,0,0,0,0,0,0
krisk/Fuse,1,1,1,1,1,1,1,1,1,1,1,0,0
arduino/Arduino,1,1,1,1,1,0,0,0,0,0,0,0,0
Rigellute/spotify-tui,1,1,1,1,1,1,0,0,0,0,0,0,0
nektos/act,1,1,1,1,1,1,1,1,1,1,1,1,0
cryptomator/cryptomator,1,1,1,1,1,1,1,1,1,1,0,0,0
mastodon/mastodon,1,1,1,1,1,1,1,1,1,1,1,1,0
mifi/lossless-cut,1,1,1,1,1,1,1,0,0,0,0,0,0
StockSharp/StockSharp,1,1,0,0,0,0,0,0,0,0,0,0,0
huggingface/text-generation-inference,1,1,1,1,1,1,1,0,0,0,0,0,0
ethereum/go-ethereum,1,1,1,1,1,1,1,1,1,1,0,0,0
espressif/arduino-esp32,1,1,1,1,1,1,1,1,1,1,1,0,0
serilog/serilog,1,1,1,1,1,1,1,1,1,1,1,1,0
googlesamples/easypermissions,1,1,1,1,1,1,1,1,1,1,0,0,0
symfony/http-kernel,1,1,1,1,1,1,1,1,1,0,0,0,0
apex/up,1,1,1,1,1,1,1,1,1,1,1,1,0
sameersbn/docker-gitlab,1,1,1,1,1,1,1,0,0,0,0,0,0
swagger-api/swagger-core,1,1,1,1,1,1,1,1,1,1,1,1,0
NodeBB/NodeBB,1,1,1,1,1,1,1,1,0,0,0,0,0
IBM/plex,1,1,1,1,1,1,0,0,0,0,0,0,0
MetaMask/metamask-extension,1,1,1,1,1,1,1,1,1,0,0,0,0
ustbhuangyi/better-scroll,1,1,1,1,1,1,1,1,1,0,0,0,0
systemd/systemd,1,1,1,1,1,1,1,1,1,0,0,0,0
microsoft/winget-cli,1,1,1,1,1,1,1,1,1,1,1,0,0
citusdata/citus,0,0,0,0,0,0,0,0,0,0,0,0,0
colinhacks/zod,1,1,1,1,1,1,1,1,1,0,0,0,0
thephpleague/oauth2-server,1,1,1,1,1,1,1,1,1,1,1,0,0
jbaysolutions/vue-grid-layout,1,1,1,1,1,1,1,1,0,0,0,0,0
adobe-fonts/source-han-sans,1,1,1,1,0,0,0,0,0,0,0,0,0
hapijs/hapi,1,1,1,1,1,1,1,1,1,1,1,1,1
mochajs/mocha,1,1,1,1,1,1,1,1,1,1,1,1,0
kickstarter/android-oss,1,1,1,1,1,1,1,1,1,1,1,1,0
angular/angular-cli,1,1,1,1,1,1,1,1,1,1,1,1,0
howdyai/botkit,1,1,1,1,1,1,1,1,1,1,1,1,1
graphite-project/graphite-web,1,1,1,1,0,0,0,0,0,0,0,0,0
envoyproxy/envoy,0,0,0,0,0,0,0,0,0,0,0,0,0
google/jsonnet,1,1,1,1,0,0,0,0,0,0,0,0,0
1adrianb/face-alignment,1,1,1,1,1,0,0,0,0,0,0,0,0
google/model-viewer,1,1,1,1,1,1,1,1,1,1,1,1,0
sockeqwe/mosby,1,1,1,1,1,1,1,1,1,0,0,0,0
ossrs/srs,1,1,1,1,1,1,1,1,1,1,1,0,0
mail-in-a-box/mailinabox,0,0,0,0,0,0,0,0,0,0,0,0,0
jquery-validation/jquery-validation,1,1,1,1,1,1,1,1,1,1,1,0,0
nopSolutions/nopCommerce,0,0,0,0,0,0,0,0,0,0,0,0,0
kimmobrunfeldt/progressbar.js,1,1,1,1,0,0,0,0,0,0,0,0,0
Sanster/lama-cleaner,1,1,1,1,1,1,1,1,1,0,0,0,0
huggingface/pytorch-image-models,1,1,1,0,0,0,0,0,0,0,0,0,0
facebook/rocksdb,1,1,1,1,1,0,0,0,0,0,0,0,0
folke/lazy.nvim,1,1,1,1,1,1,1,1,1,1,1,1,1
containers/buildah,1,1,1,1,1,1,0,0,0,0,0,0,0
firebase/flutterfire,0,0,0,0,0,0,0,0,0,0,0,0,0
akveo/blur-admin,1,1,1,1,1,1,1,1,1,1,1,1,1
yuliskov/SmartTubeNext,1,0,0,0,0,0,0,0,0,0,0,0,0
open-falcon/falcon-plus,1,1,1,1,1,1,1,1,1,0,0,0,0
sourcegraph/sourcegraph,1,1,1,1,1,1,1,1,1,1,1,0,0
dstotijn/hetty,1,1,1,1,1,1,1,1,1,1,1,1,1
typicode/husky,1,1,1,1,1,1,1,1,0,0,0,0,0
falconry/falcon,1,1,1,0,0,0,0,0,0,0,0,0,0
PyMySQL/PyMySQL,1,1,1,1,1,1,1,1,1,1,1,1,1
sqlmapproject/sqlmap,0,0,0,0,0,0,0,0,0,0,0,0,0
gocd/gocd,1,1,1,1,1,0,0,0,0,0,0,0,0
bartobri/no-more-secrets,0,0,0,0,0,0,0,0,0,0,0,0,0
icsharpcode/ILSpy,1,1,1,1,1,1,1,1,1,1,0,0,0
redis/redis-py,1,1,1,1,1,1,1,1,1,1,1,1,0
statsmodels/statsmodels,0,0,0,0,0,0,0,0,0,0,0,0,0
libgdx/libgdx,0,0,0,0,0,0,0,0,0,0,0,0,0
influxdata/telegraf,1,1,1,1,1,1,1,1,1,1,0,0,0
gogs/gogs,1,1,1,1,1,1,1,1,1,1,1,0,0
Nickersoft/push.js,1,1,1,1,0,0,0,0,0,0,0,0,0
kaminari/kaminari,1,1,1,1,1,1,1,1,1,0,0,0,0
pagekit/vue-resource,1,1,1,1,1,1,1,1,1,0,0,0,0
buger/jsonparser,1,1,1,1,1,1,1,1,1,0,0,0,0
wbkd/react-flow,1,1,1,1,1,1,1,1,1,1,1,1,0
dessant/buster,0,0,0,0,0,0,0,0,0,0,0,0,0
bazelbuild/bazel,1,1,1,1,1,1,1,1,1,1,1,1,0
prometheus/node_exporter,1,1,1,1,1,1,1,1,1,1,1,0,0
tbruyelle/RxPermissions,1,1,1,1,1,1,1,1,1,0,0,0,0
metafizzy/zdog,1,1,1,1,1,1,1,1,1,0,0,0,0
jaredreich/notie,0,0,0,0,0,0,0,0,0,0,0,0,0
pa7/heatmap.js,0,0,0,0,0,0,0,0,0,0,0,0,0
uber/react-vis,1,1,1,1,1,1,1,1,0,0,0,0,0
openzfs/zfs,1,1,1,1,1,1,1,1,1,1,1,0,0
audacity/audacity,1,1,1,1,1,1,1,1,0,0,0,0,0
charliermarsh/ruff,1,1,1,1,1,1,1,1,1,1,1,1,0
aws/aws-sam-cli,1,1,1,1,1,1,1,1,1,1,1,1,0
FormidableLabs/spectacle,1,1,1,1,1,1,1,0,0,0,0,0,0
shadowsocks/shadowsocks-rust,1,1,1,1,1,1,1,1,1,0,0,0,0
gwuhaolin/livego,1,1,1,1,1,1,1,1,1,1,1,1,1
ionic-team/stencil,1,1,1,1,1,1,1,1,1,1,1,1,0
linuxserver/Heimdall,1,1,1,1,1,0,0,0,0,0,0,0,0
denisidoro/navi,1,1,1,1,1,1,1,1,1,1,1,0,0
spatie/laravel-permission,1,1,1,1,1,1,0,0,0,0,0,0,0
Blankj/AndroidUtilCode,1,0,0,0,0,0,0,0,0,0,0,0,0
zsh-users/antigen,1,1,1,1,1,1,1,1,1,1,1,1,1
google/automl,0,0,0,0,0,0,0,0,0,0,0,0,0
lmenezes/cerebro,1,1,1,1,1,1,1,1,1,1,1,1,1
libretro/RetroArch,0,0,0,0,0,0,0,0,0,0,0,0,0
kubernetes/minikube,1,1,1,1,1,1,1,1,1,0,0,0,0
grpc/grpc-web,1,1,1,1,1,1,1,1,1,1,1,1,1
browserify/browserify,1,1,1,1,1,1,1,1,1,1,1,0,0
nolimits4web/swiper,1,1,1,1,1,1,1,1,1,1,1,1,0
WongKinYiu/yolov7,0,0,0,0,0,0,0,0,0,0,0,0,0
rack/rack-attack,1,1,1,1,1,1,1,1,1,1,0,0,0
carson-katri/dream-textures,1,1,1,1,1,1,1,1,1,1,0,0,0
3b1b/manim,1,1,1,1,1,1,1,1,1,0,0,0,0
ecomfe/vue-echarts,1,1,1,1,1,0,0,0,0,0,0,0,0
adobe-fonts/source-code-pro,1,1,1,1,1,1,1,1,0,0,0,0,0
PyGithub/PyGithub,1,1,1,1,1,1,1,1,1,1,1,1,1
less/less.js,1,1,1,1,0,0,0,0,0,0,0,0,0
lwouis/alt-tab-macos,0,0,0,0,0,0,0,0,0,0,0,0,0
microsoft/playwright-python,1,1,1,1,1,1,1,1,0,0,0,0,0
uber/kraken,1,1,1,1,1,0,0,0,0,0,0,0,0
naver/billboard.js,1,1,1,1,1,1,1,1,1,1,1,1,0
swagger-api/swagger-codegen,1,1,1,1,1,1,1,1,1,1,1,1,0
google/error-prone,1,1,1,1,1,1,1,1,1,1,1,1,0
sammchardy/python-binance,0,0,0,0,0,0,0,0,0,0,0,0,0
vercel/swr,1,1,1,1,1,1,1,1,1,1,1,1,0
openai/openai-python,1,1,1,1,1,1,1,0,0,0,0,0,0
marko-js/marko,1,1,1,1,1,1,1,1,1,1,1,1,1
rofl0r/proxychains-ng,0,0,0,0,0,0,0,0,0,0,0,0,0
zetbaitsu/Compressor,1,1,1,1,1,1,1,1,1,0,0,0,0
sachinchoolur/lightgallery.js,1,1,1,1,1,0,0,0,0,0,0,0,0
vueuse/vueuse,1,1,1,1,1,1,1,1,1,1,1,1,0
thu-ml/tianshou,1,1,1,1,1,1,1,1,1,1,1,0,0
facebook/react-native,1,1,1,1,1,1,1,1,1,1,1,1,0
mxcl/PromiseKit,1,1,1,1,0,0,0,0,0,0,0,0,0
vercel/commerce,1,1,1,1,1,1,1,1,1,1,1,1,1
sharkdp/hexyl,1,1,1,1,1,1,1,1,1,1,1,1,0
codelucas/newspaper,0,0,0,0,0,0,0,0,0,0,0,0,0
akveo/nebular,1,1,1,1,1,1,1,1,1,1,1,1,0
Yalantis/Side-Menu.Android,0,0,0,0,0,0,0,0,0,0,0,0,0
syl20bnr/spacemacs,1,1,1,1,1,1,1,0,0,0,0,0,0
google/dopamine,0,0,0,0,0,0,0,0,0,0,0,0,0
coturn/coturn,1,1,1,1,1,1,1,1,1,1,1,1,0
apache/jmeter,1,1,1,1,1,1,1,1,1,1,1,1,1
gorilla/mux,1,1,1,1,1,1,1,1,1,1,1,1,0
mltframework/shotcut,1,1,0,0,0,0,0,0,0,0,0,0,0
SeleniumHQ/selenium,1,1,1,1,1,1,1,1,1,1,1,1,0
olton/Metro-UI-CSS,1,1,1,1,1,1,1,0,0,0,0,0,0
aws/serverless-application-model,1,1,1,1,1,1,1,1,1,1,1,0,0
jaredpalmer/formik,1,1,1,1,1,1,1,1,1,1,1,0,0
arachnys/cabot,0,0,0,0,0,0,0,0,0,0,0,0,0
ntop/ntopng,0,0,0,0,0,0,0,0,0,0,0,0,0
microsoft/vscode,1,1,0,0,0,0,0,0,0,0,0,0,0
iview/iview,1,1,1,1,1,1,1,1,1,1,1,1,0
JetBrains/JetBrainsMono,1,1,1,1,1,1,1,1,1,1,1,0,0
mitmproxy/mitmproxy,1,1,1,0,0,0,0,0,0,0,0,0,0
hibernate/hibernate-orm,0,0,0,0,0,0,0,0,0,0,0,0,0
FreeRDP/FreeRDP,1,1,1,1,1,1,1,1,0,0,0,0,0
Swinject/Swinject,1,1,1,1,1,1,1,1,1,1,0,0,0
clips/pattern,0,0,0,0,0,0,0,0,0,0,0,0,0
serde-rs/serde,1,1,1,1,1,1,1,1,1,1,1,0,0
traefik/traefik,1,1,1,1,1,1,1,1,1,1,1,1,0
ahmetb/kubectx,1,1,1,1,1,1,1,1,0,0,0,0,0
encode/httpx,1,1,1,1,1,1,1,1,1,1,1,1,0
wangyu-/udp2raw,1,1,1,1,1,1,0,0,0,0,0,0,0
mholt/PapaParse,1,1,1,1,1,0,0,0,0,0,0,0,0
jedisct1/libsodium,1,1,1,1,0,0,0,0,0,0,0,0,0
ocornut/imgui,1,1,1,1,1,1,1,1,1,1,0,0,0
SocketCluster/socketcluster,1,1,1,1,0,0,0,0,0,0,0,0,0
spotify/annoy,1,1,1,1,1,1,1,1,0,0,0,0,0
buger/goreplay,1,1,1,1,1,1,1,1,0,0,0,0,0
fluent/fluentd,1,1,1,1,1,1,1,1,1,1,1,1,1
vercel/turbo,1,1,1,1,1,1,1,1,1,1,1,0,0
joeldev/JLRoutes,1,1,1,1,1,0,0,0,0,0,0,0,0
plotly/plotly.py,1,1,1,1,1,1,1,1,1,1,1,0,0
ArthurHub/Android-Image-Cropper,1,1,1,1,0,0,0,0,0,0,0,0,0
OctoPrint/OctoPrint,1,1,1,1,1,1,1,1,1,1,1,1,0
twitchtv/twirp,1,1,1,1,1,1,1,1,1,1,1,0,0
elastic/logstash,0,0,0,0,0,0,0,0,0,0,0,0,0
akveo/react-native-ui-kitten,1,1,1,1,1,1,1,1,1,1,1,1,1
hrydgard/ppsspp,1,0,0,0,0,0,0,0,0,0,0,0,0
WordPress/gutenberg,1,1,1,1,1,1,1,1,1,1,1,0,0
PanJiaChen/vue-element-admin,1,1,1,1,1,1,1,1,1,0,0,0,0
uutils/coreutils,1,1,1,1,1,1,1,1,1,1,1,1,1
mapbox/mapbox-gl-js,1,1,1,1,1,1,1,1,1,1,1,1,0
hiloteam/Hilo,1,1,1,1,1,1,1,1,1,1,1,1,0
Unitech/pm2,1,1,1,1,1,1,1,1,1,0,0,0,0
antlr/antlr4,1,1,1,1,1,1,1,1,1,1,1,1,0
react-toolbox/react-toolbox,1,1,1,1,1,1,1,0,0,0,0,0,0
recharts/recharts,1,1,1,1,1,1,1,1,1,1,0,0,0
Raathigesh/majestic,1,1,1,1,1,1,1,1,1,1,1,1,0
neovim/neovim,1,1,1,1,1,1,1,1,1,1,1,0,0
gohugoio/hugo,1,1,1,1,1,1,1,1,1,1,1,1,0
sghall/react-move,1,1,1,0,0,0,0,0,0,0,0,0,0
jwagner/smartcrop.js,0,0,0,0,0,0,0,0,0,0,0,0,0
zylo117/Yet-Another-EfficientDet-Pytorch,0,0,0,0,0,0,0,0,0,0,0,0,0
lightbend/config,1,1,1,1,1,1,1,1,1,1,1,1,1
derailed/k9s,1,1,1,1,1,1,1,1,1,1,1,1,0
Dreamacro/clash,1,1,1,1,1,1,1,1,1,1,0,0,0
google/wire,1,1,1,1,1,1,1,1,1,1,1,0,0
coryhouse/react-slingshot,1,1,1,1,1,1,1,1,1,1,1,0,0
doorkeeper-gem/doorkeeper,1,1,1,1,1,1,1,1,1,1,1,1,0
symfony/routing,1,1,1,1,1,1,0,0,0,0,0,0,0
kovidgoyal/calibre,0,0,0,0,0,0,0,0,0,0,0,0,0
YiiGuxing/TranslationPlugin,1,1,1,0,0,0,0,0,0,0,0,0,0
wix/Detox,1,1,1,1,1,1,1,1,1,1,0,0,0
marceloprates/prettymaps,1,1,1,1,1,1,1,1,0,0,0,0,0
nodejs/node-gyp,1,1,1,1,1,1,1,1,1,1,1,1,1
cypress-io/cypress,1,1,1,1,1,1,1,1,1,1,0,0,0
golang/protobuf,1,1,1,1,1,1,1,1,1,0,0,0,0
onevcat/Kingfisher,1,1,1,1,1,1,1,1,1,1,1,0,0
tradingview/lightweight-charts,1,1,1,1,1,1,1,1,1,1,1,1,0
microsoft/MMdnn,1,1,1,1,1,1,1,1,1,0,0,0,0
yahoo/CMAK,1,1,1,1,1,1,1,1,1,0,0,0,0
activeadmin/activeadmin,1,1,1,1,1,1,1,1,1,1,1,1,0
DATA-DOG/go-sqlmock,1,1,1,1,1,1,1,1,0,0,0,0,0
UnityTechnologies/open-project-1,0,0,0,0,0,0,0,0,0,0,0,0,0
open-mmlab/mmdetection,1,1,1,1,1,1,1,1,1,1,1,1,1
rey5137/material,0,0,0,0,0,0,0,0,0,0,0,0,0
gka/chroma.js,1,1,1,0,0,0,0,0,0,0,0,0,0
squizlabs/PHP_CodeSniffer,1,1,1,1,1,1,1,1,1,1,1,1,0
curlconverter/curlconverter,0,0,0,0,0,0,0,0,0,0,0,0,0
pytorch/vision,1,1,1,1,1,1,1,1,1,1,0,0,0
junegunn/vim-plug,1,1,1,1,1,1,1,0,0,0,0,0,0
myliang/x-spreadsheet,1,1,1,1,1,0,0,0,0,0,0,0,0
konvajs/konva,1,1,1,1,1,1,1,1,1,1,1,1,1
microsoft/FASTER,1,1,1,1,1,1,1,1,1,1,1,1,1
glfw/glfw,0,0,0,0,0,0,0,0,0,0,0,0,0
xtaci/kcptun,1,1,1,1,1,1,1,1,1,1,1,1,1
arendst/Tasmota,1,1,1,1,1,1,1,1,1,1,1,1,1
OrchardCMS/OrchardCore,1,1,1,1,1,1,1,1,1,1,0,0,0
WebAssembly/wabt,1,1,1,1,1,1,1,1,0,0,0,0,0
seemoo-lab/openhaystack,0,0,0,0,0,0,0,0,0,0,0,0,0
mapbox/pixelmatch,1,1,1,1,1,1,0,0,0,0,0,0,0
socketio/socket.io,1,1,1,1,1,1,1,1,1,1,1,0,0
ValveSoftware/openvr,1,1,1,1,1,1,1,1,1,1,0,0,0
AUTOMATIC1111/stable-diffusion-webui,1,1,1,1,1,1,1,0,0,0,0,0,0
numba/numba,1,1,1,0,0,0,0,0,0,0,0,0,0
necolas/react-native-web,1,1,1,1,1,1,1,1,1,1,0,0,0
ipkn/crow,0,0,0,0,0,0,0,0,0,0,0,0,0
sebastianruder/NLP-progress,1,1,1,1,1,1,1,1,1,1,1,1,1
micro/micro,1,1,1,1,1,1,0,0,0,0,0,0,0
zsh-users/zsh-completions,0,0,0,0,0,0,0,0,0,0,0,0,0
mozilla/mozjpeg,1,1,1,1,0,0,0,0,0,0,0,0,0
apache/brpc,1,1,1,1,1,1,1,1,1,0,0,0,0
obsproject/obs-studio,1,1,0,0,0,0,0,0,0,0,0,0,0
hrsh7th/nvim-cmp,0,0,0,0,0,0,0,0,0,0,0,0,0
Dogfalo/materialize,0,0,0,0,0,0,0,0,0,0,0,0,0
Quick/Quick,1,1,1,1,1,1,1,1,1,1,0,0,0
sdispater/pendulum,1,1,1,1,0,0,0,0,0,0,0,0,0
opencart/opencart,1,1,1,1,1,1,0,0,0,0,0,0,0
expressjs/body-parser,0,0,0,0,0,0,0,0,0,0,0,0,0
symfony/finder,1,1,1,1,1,1,0,0,0,0,0,0,0
heroiclabs/nakama,1,1,1,0,0,0,0,0,0,0,0,0,0
guardianproject/haven,1,1,1,1,1,1,1,1,1,1,1,1,0
myclabs/DeepCopy,1,1,1,1,1,1,1,1,1,1,1,1,0
caronc/apprise,1,1,1,1,1,1,1,1,1,1,1,1,0
iperov/DeepFaceLab,1,1,1,1,1,1,1,1,1,1,1,1,1
twbs/ratchet,1,1,1,1,1,1,1,1,0,0,0,0,0
vercel/hyper,1,1,1,1,1,1,1,1,1,1,1,0,0
FreshRSS/FreshRSS,1,1,1,1,1,1,1,1,1,1,1,1,0
alvarotrigo/fullPage.js,1,1,1,1,1,1,1,1,1,1,1,0,0
redux-saga/redux-saga,1,1,1,1,1,1,1,1,1,0,0,0,0
c3js/c3,1,1,1,1,1,1,1,1,1,1,1,0,0
kickstarter/ios-oss,1,1,1,1,1,1,1,1,1,1,1,1,1
google/go-cloud,1,1,0,0,0,0,0,0,0,0,0,0,0
ant-design/ant-design-landing,1,1,1,1,1,1,1,1,1,0,0,0,0
pemistahl/grex,1,1,1,1,1,1,1,1,0,0,0,0,0
hyperledger/fabric,1,1,1,1,1,1,1,1,1,1,1,0,0
hmemcpy/milewski-ctfp-pdf,1,1,1,1,1,0,0,0,0,0,0,0,0
snowplow/snowplow,1,1,1,1,1,1,1,1,1,1,1,1,0
fail2ban/fail2ban,1,1,1,1,1,0,0,0,0,0,0,0,0
NLPchina/elasticsearch-sql,1,1,1,1,0,0,0,0,0,0,0,0,0
nteract/nteract,1,1,1,1,1,1,1,1,0,0,0,0,0
angular/components,1,1,1,1,1,1,1,1,1,1,1,1,0
lampepfl/dotty,1,1,1,1,1,1,1,1,1,1,1,1,0
shadowsocks/shadowsocks-windows,1,1,1,1,1,1,1,0,0,0,0,0,0
ideawu/ssdb,0,0,0,0,0,0,0,0,0,0,0,0,0
gorilla/websocket,1,1,1,1,1,1,1,1,1,1,1,0,0
shadowsocks/shadowsocks-libev,1,1,1,0,0,0,0,0,0,0,0,0,0
GoogleChrome/lighthouse-ci,1,1,1,1,1,1,1,1,1,1,1,1,1
missive/emoji-mart,1,1,1,1,1,1,1,1,1,1,1,1,0
BVLC/caffe,1,1,1,1,1,1,1,1,1,1,0,0,0
ValveSoftware/Proton,1,1,1,0,0,0,0,0,0,0,0,0,0
graphql/graphql-playground,1,1,1,1,1,1,1,1,1,1,0,0,0
arogozhnikov/einops,1,1,1,1,1,1,1,1,1,1,1,0,0
Delgan/loguru,1,1,1,1,1,1,1,1,1,1,1,0,0
FiloSottile/age,1,1,1,1,1,1,1,0,0,0,0,0,0
farag2/Sophia-Script-for-Windows,1,1,1,1,1,1,1,1,0,0,0,0,0
tensorflow/tensorflow,1,1,1,1,1,1,1,0,0,0,0,0,0
gonum/gonum,1,1,1,1,1,1,1,1,1,1,1,1,1
lanpa/tensorboardX,1,1,1,1,0,0,0,0,0,0,0,0,0
elastic/elasticsearch-js,1,1,1,1,1,1,1,0,0,0,0,0,0
EduardoPires/EquinoxProject,1,1,1,1,1,1,1,1,1,0,0,0,0
cookiecutter/cookiecutter-django,1,1,1,1,1,1,1,1,1,1,1,1,0
insidegui/WWDC,1,1,1,1,0,0,0,0,0,0,0,0,0
httpie/http-prompt,1,1,1,1,1,1,1,1,1,1,1,0,0
api-platform/api-platform,1,1,1,1,0,0,0,0,0,0,0,0,0
monero-project/monero,1,1,1,1,1,0,0,0,0,0,0,0,0
opencv/opencv,0,0,0,0,0,0,0,0,0,0,0,0,0
rappasoft/laravel-boilerplate,1,1,1,1,1,1,1,0,0,0,0,0,0
lukemelas/EfficientNet-PyTorch,0,0,0,0,0,0,0,0,0,0,0,0,0
ccampbell/mousetrap,1,1,1,1,1,1,0,0,0,0,0,0,0
php-fig/http-message,1,1,1,1,1,1,1,1,0,0,0,0,0
expressjs/morgan,0,0,0,0,0,0,0,0,0,0,0,0,0
plasma-umass/scalene,1,1,1,1,1,1,1,0,0,0,0,0,0
apache/seatunnel,1,1,1,1,1,1,1,0,0,0,0,0,0
schachmat/wego,0,0,0,0,0,0,0,0,0,0,0,0,0
AlexeyAB/darknet,1,1,1,1,1,1,1,0,0,0,0,0,0
slimphp/Slim,1,1,1,1,1,1,1,1,1,1,0,0,0
hilongjw/vue-lazyload,1,1,1,1,1,1,1,1,0,0,0,0,0
sindresorhus/caprine,1,1,1,1,1,1,1,1,1,0,0,0,0
MichMich/MagicMirror,1,1,1,1,1,1,1,1,1,1,0,0,0
chinchang/hint.css,0,0,0,0,0,0,0,0,0,0,0,0,0
fatih/color,1,1,1,1,1,1,1,1,1,0,0,0,0
denoland/fresh,1,1,1,1,1,1,1,1,1,1,1,1,0
kubernetes/ingress-nginx,1,1,1,1,1,1,0,0,0,0,0,0,0
addyosmani/critical,1,1,1,1,1,1,1,1,1,1,1,0,0
restify/node-restify,1,1,1,1,1,1,1,1,1,1,1,1,1
knex/knex,1,1,1,1,1,1,1,1,1,1,1,1,0
vitejs/vite,0,0,0,0,0,0,0,0,0,0,0,0,0
tesseract-ocr/tessdata,0,0,0,0,0,0,0,0,0,0,0,0,0
Uberi/speech_recognition,1,1,1,1,0,0,0,0,0,0,0,0,0
docker/docker-py,1,1,1,1,1,1,0,0,0,0,0,0,0
hql287/Manta,1,1,1,1,1,1,1,1,1,0,0,0,0
welldone-software/why-did-you-render,1,1,1,1,1,1,0,0,0,0,0,0,0
healthchecks/healthchecks,1,1,1,1,1,1,1,1,1,1,0,0,0
webiny/webiny-js,1,1,1,1,1,1,1,1,0,0,0,0,0
luin/medis,1,1,1,1,1,1,1,1,1,1,1,0,0
ogham/dog,1,1,1,1,1,1,1,1,1,1,1,1,1
CopyTranslator/CopyTranslator,1,1,1,1,1,1,1,1,1,1,0,0,0
sparkle-project/Sparkle,1,1,1,1,1,1,1,1,1,0,0,0,0
networkx/networkx,1,1,1,1,1,1,0,0,0,0,0,0,0
jerryjliu/llama_index,1,1,1,0,0,0,0,0,0,0,0,0,0
vavr-io/vavr,1,1,1,1,1,1,1,1,1,1,1,0,0
reactide/reactide,0,0,0,0,0,0,0,0,0,0,0,0,0
phpDocumentor/TypeResolver,1,1,1,1,1,1,1,1,1,0,0,0,0
FormidableLabs/victory,1,1,1,1,1,1,1,1,1,1,1,1,0
ansible-semaphore/semaphore,1,1,1,1,1,1,1,1,1,1,1,0,0
timarney/react-app-rewired,1,1,1,1,1,1,1,1,1,1,1,1,0
zxing/zxing,1,1,0,0,0,0,0,0,0,0,0,0,0
microsoft/semantic-kernel,1,1,1,1,1,1,1,1,1,1,1,1,0
Tonejs/Tone.js,1,1,1,1,0,0,0,0,0,0,0,0,0
mitsuhiko/rye,1,1,1,1,1,1,1,1,1,1,0,0,0
dotnet/orleans,1,1,1,1,1,1,1,1,1,1,1,1,0
coteditor/CotEditor,0,0,0,0,0,0,0,0,0,0,0,0,0
octobercms/october,0,0,0,0,0,0,0,0,0,0,0,0,0
git-ftp/git-ftp,0,0,0,0,0,0,0,0,0,0,0,0,0
jverkoey/nimbus,0,0,0,0,0,0,0,0,0,0,0,0,0
presidentbeef/brakeman,1,1,1,1,1,1,0,0,0,0,0,0,0
tweenjs/tween.js,1,1,1,1,1,1,1,1,1,1,0,0,0
tutao/tutanota,1,1,1,1,1,1,1,1,1,1,1,0,0
aurelia/framework,1,1,1,1,1,1,1,0,0,0,0,0,0
nodejs/node,1,1,1,1,1,1,1,1,1,1,1,1,0
brannondorsey/wifi-cracking,0,0,0,0,0,0,0,0,0,0,0,0,0
needim/noty,1,1,1,1,1,1,1,1,0,0,0,0,0
SoftEtherVPN/SoftEtherVPN,1,1,1,1,1,1,1,1,1,1,1,1,1
airbnb/react-sketchapp,1,1,1,1,1,1,1,1,1,0,0,0,0
daybrush/moveable,1,1,1,1,1,1,1,1,1,1,1,0,0
shutterstock/rickshaw,0,0,0,0,0,0,0,0,0,0,0,0,0
vim-airline/vim-airline,1,1,1,1,1,0,0,0,0,0,0,0,0
kyleconroy/sqlc,1,1,1,1,1,1,1,1,1,1,1,1,0
bizz84/SwiftyStoreKit,1,1,1,1,1,1,1,1,1,1,1,0,0
tj/git-extras,1,1,1,1,1,1,1,1,1,1,1,1,1
jart/cosmopolitan,1,1,1,1,1,1,1,1,1,1,1,1,0
jonsuh/hamburgers,1,1,1,1,1,1,1,0,0,0,0,0,0
vanhauser-thc/thc-hydra,0,0,0,0,0,0,0,0,0,0,0,0,0
puma/puma,1,1,1,1,1,1,1,1,1,1,1,0,0
sqlalchemy/sqlalchemy,1,1,1,1,1,1,1,1,1,1,1,1,1
hluk/CopyQ,1,1,1,1,1,0,0,0,0,0,0,0,0
Eugeny/tabby,1,1,1,1,1,0,0,0,0,0,0,0,0
Yalantis/Koloda,0,0,0,0,0,0,0,0,0,0,0,0,0
frida/frida,0,0,0,0,0,0,0,0,0,0,0,0,0
graphql/graphiql,1,1,1,1,1,1,1,1,1,1,0,0,0
Instagram/IGListKit,1,1,1,1,1,1,1,1,1,1,1,1,0
locomotivemtl/locomotive-scroll,1,1,1,1,1,0,0,0,0,0,0,0,0
rails-api/active_model_serializers,0,0,0,0,0,0,0,0,0,0,0,0,0
shazow/ssh-chat,1,1,1,1,1,1,1,1,0,0,0,0,0
microsoft/qlib,1,1,1,1,1,1,1,1,1,1,1,1,0
google/benchmark,1,1,1,1,1,1,1,1,1,1,1,0,0
fsnotify/fsnotify,1,1,1,1,1,1,1,1,1,1,1,0,0
RetroPie/RetroPie-Setup,1,1,0,0,0,0,0,0,0,0,0,0,0
Kotlin/kotlinx.coroutines,1,1,1,1,1,1,1,1,1,1,1,0,0
metabase/metabase,1,1,1,1,1,1,1,1,1,1,0,0,0
laramies/theHarvester,1,1,1,1,1,1,1,0,0,0,0,0,0
handsontable/handsontable,1,1,1,1,1,1,1,1,1,1,1,0,0
postmanlabs/httpbin,0,0,0,0,0,0,0,0,0,0,0,0,0
saulpw/visidata,1,1,1,1,1,1,1,0,0,0,0,0,0
scala/scala,1,1,1,1,1,1,1,1,1,1,1,1,0
apache/shardingsphere-elasticjob,1,1,1,1,1,1,1,1,1,1,0,0,0
netdata/netdata,1,1,1,1,1,1,1,1,1,1,1,1,0
encode/django-rest-framework,1,1,1,1,1,1,1,1,1,1,0,0,0
timqian/chart.xkcd,1,1,1,1,1,1,1,1,0,0,0,0,0
SVG-Edit/svgedit,1,1,1,1,1,1,1,1,1,1,1,1,0
mikebrady/shairport-sync,1,1,1,0,0,0,0,0,0,0,0,0,0
tonymillion/Reachability,0,0,0,0,0,0,0,0,0,0,0,0,0
iissnan/hexo-theme-next,1,1,1,1,1,1,1,1,0,0,0,0,0
NVIDIA/TensorRT,1,1,1,1,1,0,0,0,0,0,0,0,0
jasonkuhrt/graphql-request,1,1,1,1,1,1,1,1,1,1,1,1,0
direnv/direnv,1,1,1,1,1,1,1,1,1,1,0,0,0
quantopian/zipline,0,0,0,0,0,0,0,0,0,0,0,0,0
dotansimha/graphql-code-generator,1,1,1,1,1,1,1,1,1,1,1,1,0
mongodb/mongo-go-driver,1,1,1,1,1,0,0,0,0,0,0,0,0
naptha/tesseract.js,1,1,1,1,1,1,0,0,0,0,0,0,0
sveinbjornt/Sloth,0,0,0,0,0,0,0,0,0,0,0,0,0
karma-runner/karma,1,1,1,1,1,1,1,1,1,1,1,1,0
marcosgriselli/ViewAnimator,1,1,1,1,1,0,0,0,0,0,0,0,0
wagoodman/dive,1,1,1,1,1,1,1,1,1,1,1,0,0
matterport/Mask_RCNN,0,0,0,0,0,0,0,0,0,0,0,0,0
JosefNemec/Playnite,1,1,1,1,1,1,0,0,0,0,0,0,0
pypa/pipenv,1,1,1,1,1,1,1,1,1,1,1,1,1
hackjutsu/Lepton,1,1,1,1,1,1,1,1,1,1,1,0,0
twitter/twemoji,1,1,1,1,1,1,0,0,0,0,0,0,0
ruby/ruby,1,1,1,1,1,1,1,1,1,1,1,0,0
SublimeText/Spacegray,0,0,0,0,0,0,0,0,0,0,0,0,0
sosedoff/pgweb,0,0,0,0,0,0,0,0,0,0,0,0,0
crazycodeboy/react-native-splash-screen,1,1,1,1,1,1,1,1,1,1,0,0,0
daltoniam/Starscream,0,0,0,0,0,0,0,0,0,0,0,0,0
jackocnr/intl-tel-input,1,1,0,0,0,0,0,0,0,0,0,0,0
wader/fq,1,1,1,1,1,1,1,1,1,1,1,1,1
svg/svgo,1,1,1,1,1,1,0,0,0,0,0,0,0
johnkerl/miller,1,1,1,1,1,1,1,1,1,1,0,0,0
webdriverio/webdriverio,1,1,1,1,1,1,1,1,1,1,1,0,0
uNetworking/uWebSockets.js,1,0,0,0,0,0,0,0,0,0,0,0,0
kubernetes/kops,1,1,1,1,1,1,1,1,1,1,1,0,0
cesanta/mongoose,1,1,0,0,0,0,0,0,0,0,0,0,0
osxfuse/osxfuse,1,1,1,1,1,1,1,1,0,0,0,0,0
zerotier/ZeroTierOne,1,1,1,1,0,0,0,0,0,0,0,0,0
JessYanCoding/AndroidAutoSize,1,1,1,1,1,1,0,0,0,0,0,0,0
symfony/css-selector,1,1,1,1,0,0,0,0,0,0,0,0,0
playcanvas/engine,1,1,1,1,1,1,1,0,0,0,0,0,0
microg/GmsCore,1,1,1,1,1,0,0,0,0,0,0,0,0
open-mmlab/mmsegmentation,1,1,1,1,1,1,1,1,1,1,1,1,1
apereo/cas,1,1,1,1,1,1,1,0,0,0,0,0,0
sinonjs/sinon,1,1,1,1,1,1,1,1,1,1,1,1,0
timolins/react-hot-toast,1,1,1,1,1,1,1,1,1,1,1,1,1
angular/angularfire,1,1,1,1,1,1,1,1,1,1,0,0,0
vercel/micro,1,1,1,1,1,1,1,1,1,1,0,0,0
chalk/chalk,1,1,1,1,1,1,1,1,1,1,1,1,0
riccardoscalco/textures,1,1,1,1,1,1,1,1,1,1,1,1,1
Shopify/polaris,1,1,1,1,1,1,1,1,1,1,1,1,0
Genymobile/gnirehtet,1,1,1,1,1,1,1,1,1,1,0,0,0
haltu/muuri,1,1,1,1,1,1,1,1,1,0,0,0,0
kazupon/vue-i18n,1,1,1,1,1,1,1,1,1,1,1,1,0
mozilla/TTS,0,0,0,0,0,0,0,0,0,0,0,0,0
textmate/textmate,0,0,0,0,0,0,0,0,0,0,0,0,0
adobe/react-spectrum,0,0,0,0,0,0,0,0,0,0,0,0,0
Jguer/yay,1,1,1,1,1,1,1,1,0,0,0,0,0
pubkey/rxdb,1,1,1,1,1,1,1,0,0,0,0,0,0
Masterminds/glide,1,1,1,1,1,1,1,1,1,1,1,1,0
gorhill/uBlock,1,1,1,1,1,1,1,1,1,1,1,1,0
riot/riot,1,1,1,1,1,1,1,1,1,0,0,0,0
scikit-image/scikit-image,1,1,1,1,1,1,1,1,1,1,1,1,1
CosmicMind/Material,1,1,1,1,1,1,0,0,0,0,0,0,0
angular/protractor,1,1,1,1,1,1,1,1,1,1,1,1,1
mayswind/AriaNg,1,1,1,1,1,1,1,1,1,1,1,1,0
juliangarnier/anime,1,1,1,1,1,1,1,1,1,1,0,0,0
AI4Finance-Foundation/FinRL,0,0,0,0,0,0,0,0,0,0,0,0,0
be5invis/Sarasa-Gothic,0,0,0,0,0,0,0,0,0,0,0,0,0
danielgatis/rembg,1,1,1,1,1,1,1,1,0,0,0,0,0
centrifugal/centrifugo,1,1,1,1,1,1,1,1,1,0,0,0,0
HelloZeroNet/ZeroNet,0,0,0,0,0,0,0,0,0,0,0,0,0
kefranabg/readme-md-generator,0,0,0,0,0,0,0,0,0,0,0,0,0
RaRe-Technologies/gensim,1,1,1,1,1,1,1,1,1,1,1,1,0
real-logic/aeron,1,1,1,1,1,1,1,1,1,0,0,0,0
airbnb/knowledge-repo,1,1,1,1,1,0,0,0,0,0,0,0,0
FreeCAD/FreeCAD,1,1,1,1,1,1,0,0,0,0,0,0,0
gcanti/fp-ts,1,1,1,1,1,1,1,1,0,0,0,0,0
plouc/nivo,1,1,1,1,1,1,1,1,1,1,1,1,1
jonls/redshift,1,1,1,1,1,1,0,0,0,0,0,0,0
microsoft/LoRA,0,0,0,0,0,0,0,0,0,0,0,0,0
rastapasta/mapscii,1,1,1,1,1,1,1,1,1,0,0,0,0
jessepollak/card,1,1,1,1,1,1,0,0,0,0,0,0,0
SwiftyJSON/SwiftyJSON,1,1,1,1,1,1,0,0,0,0,0,0,0
gildas-lormeau/SingleFile,1,1,1,1,0,0,0,0,0,0,0,0,0
JetBrains/compose-multiplatform,1,1,1,1,1,1,1,1,1,1,0,0,0
StackExchange/StackExchange.Redis,1,1,1,1,1,1,1,1,1,1,1,0,0
commonsguy/cw-omnibus,0,0,0,0,0,0,0,0,0,0,0,0,0
OpenRefine/OpenRefine,1,1,1,1,1,1,1,1,1,1,0,0,0
vercel/vercel,1,1,1,1,1,1,1,1,1,1,1,1,0
vuejs/vue-router,1,1,1,1,1,1,1,1,1,0,0,0,0
micropython/micropython,1,1,1,1,1,1,1,1,1,0,0,0,0
OWASP/owasp-mastg,1,1,1,1,1,1,0,0,0,0,0,0,0
sindresorhus/got,1,1,1,1,1,1,1,1,1,1,1,1,0
SignalR/SignalR,1,1,1,1,1,1,1,1,1,1,1,0,0
imbushuo/mac-precision-touchpad,1,1,1,1,1,0,0,0,0,0,0,0,0
t4t5/sweetalert,1,1,1,1,0,0,0,0,0,0,0,0,0
taosdata/TDengine,1,1,1,1,1,1,1,1,1,1,0,0,0
linnovate/mean,1,1,1,0,0,0,0,0,0,0,0,0,0
uxsolutions/bootstrap-datepicker,1,1,1,1,1,1,1,1,1,1,0,0,0
spacejam/sled,1,1,1,1,1,1,1,1,0,0,0,0,0
mawww/kakoune,0,0,0,0,0,0,0,0,0,0,0,0,0
jesseduffield/lazygit,1,1,1,1,1,1,1,1,1,1,1,0,0
vercel/satori,1,1,1,1,1,1,1,1,1,1,1,1,1
jorgebucaran/fisher,1,1,1,1,1,1,1,1,1,1,1,0,0
nccgroup/ScoutSuite,1,1,1,1,0,0,0,0,0,0,0,0,0
dtm-labs/dtm,1,1,1,1,1,0,0,0,0,0,0,0,0
mahmoud/boltons,1,1,1,1,1,1,1,1,1,0,0,0,0
Homebrew/brew,1,1,1,1,1,1,1,1,1,1,1,1,0
prevwong/craft.js,1,1,1,1,1,1,1,1,1,1,1,0,0
apertureless/vue-chartjs,1,1,1,1,1,1,1,1,1,1,0,0,0
Bash-it/bash-it,1,1,1,1,1,1,1,0,0,0,0,0,0
knadh/listmonk,1,1,1,1,1,1,1,1,1,1,1,1,1
google/osv-scanner,1,1,1,1,1,1,1,1,1,1,1,1,0
oracle/graal,1,1,1,1,0,0,0,0,0,0,0,0,0
Tapadoo/Alerter,0,0,0,0,0,0,0,0,0,0,0,0,0
claudiodangelis/qrcp,1,1,1,1,1,1,1,1,1,1,1,1,1
source-foundry/Hack,1,1,1,1,1,0,0,0,0,0,0,0,0
auth0/java-jwt,1,1,1,1,1,1,1,1,1,1,1,0,0
fastai/fastai,1,1,1,1,1,1,1,1,1,1,1,0,0
pallets/jinja,1,1,1,1,1,0,0,0,0,0,0,0,0
PHPOffice/PHPWord,1,1,1,1,1,1,1,1,1,1,1,0,0
openlayers/openlayers,1,1,1,1,1,1,1,1,1,1,1,1,0
PCSX2/pcsx2,1,1,1,1,1,1,1,1,1,1,1,1,0
spree/spree,1,1,1,1,1,1,1,1,1,1,0,0,0
mysticatea/npm-run-all,1,1,1,1,1,1,1,1,1,0,0,0,0
assimp/assimp,1,1,1,1,1,1,1,1,1,1,0,0,0
benphelps/homepage,1,1,1,1,1,1,1,1,1,1,0,0,0
SonarSource/sonarqube,1,1,1,1,1,1,1,1,1,1,1,1,1
dmlc/dgl,1,1,1,1,1,1,1,1,1,1,0,0,0
insin/nwb,1,1,1,1,1,1,1,1,1,0,0,0,0
flarum/flarum,1,1,1,1,1,1,0,0,0,0,0,0,0
hashicorp/vault,1,1,1,1,1,1,1,1,1,1,1,0,0
imsnif/bandwhich,1,1,1,1,1,1,1,1,1,1,1,0,0
smallnest/rpcx,0,0,0,0,0,0,0,0,0,0,0,0,0
jwtk/jjwt,1,1,1,1,1,0,0,0,0,0,0,0,0
fulldecent/system-bus-radio,0,0,0,0,0,0,0,0,0,0,0,0,0
dokku/dokku,1,1,1,1,1,1,1,1,1,1,1,1,0
tymondesigns/jwt-auth,1,1,1,1,1,1,0,0,0,0,0,0,0
OJ/gobuster,1,1,1,1,1,0,0,0,0,0,0,0,0
chrisbanes/tivi,1,1,1,1,1,1,1,1,1,1,1,1,1
phpredis/phpredis,1,1,1,1,1,1,1,1,1,1,1,1,1
yabwe/medium-editor,1,1,1,0,0,0,0,0,0,0,0,0,0
froala/design-blocks,0,0,0,0,0,0,0,0,0,0,0,0,0
joho/godotenv,1,1,1,1,1,1,1,1,1,1,1,1,1
sj26/mailcatcher,1,1,1,1,1,1,1,1,0,0,0,0,0
MarshallOfSound/Google-Play-Music-Desktop-Player-UNOFFICIAL-,0,0,0,0,0,0,0,0,0,0,0,0,0
mislav/will_paginate,1,1,0,0,0,0,0,0,0,0,0,0,0
jpillora/cloud-torrent,0,0,0,0,0,0,0,0,0,0,0,0,0
ntop/n2n,0,0,0,0,0,0,0,0,0,0,0,0,0
OnsenUI/OnsenUI,1,1,1,1,1,1,1,1,1,1,0,0,0
cmderdev/cmder,1,1,1,1,1,1,1,1,1,0,0,0,0
sivel/speedtest-cli,0,0,0,0,0,0,0,0,0,0,0,0,0
summernote/summernote,1,1,1,1,1,1,1,1,0,0,0,0,0
symless/synergy-core,1,1,1,1,1,1,1,1,1,1,1,1,0
feathersjs/feathers,1,1,1,1,1,1,1,1,1,1,1,1,0
cayleygraph/cayley,1,1,1,1,1,1,1,1,1,1,1,0,0
go-swagger/go-swagger,1,1,1,1,1,1,1,1,1,1,1,1,1
SeleniumHQ/docker-selenium,1,1,1,1,1,1,1,1,1,1,1,0,0
matryer/xbar,1,1,1,1,1,1,1,1,1,0,0,0,0
callmecavs/layzr.js,1,1,1,0,0,0,0,0,0,0,0,0,0
IanLunn/Hover,0,0,0,0,0,0,0,0,0,0,0,0,0
laravel/socialite,1,1,1,1,1,1,1,1,1,1,1,1,1
ShareX/ShareX,0,0,0,0,0,0,0,0,0,0,0,0,0
google/filament,1,1,1,1,0,0,0,0,0,0,0,0,0
i-tu/Hasklig,1,1,1,1,1,0,0,0,0,0,0,0,0
ninjaprox/NVActivityIndicatorView,1,1,1,1,1,1,1,1,0,0,0,0,0
medialize/URI.js,1,1,1,1,1,1,1,1,1,1,1,0,0
nhn/tui.image-editor,1,1,1,1,1,1,1,1,1,0,0,0,0
ytisf/theZoo,0,0,0,0,0,0,0,0,0,0,0,0,0
alicevision/Meshroom,1,1,1,1,1,1,1,1,1,1,0,0,0
Laverna/laverna,1,1,1,1,1,1,1,1,1,1,0,0,0
robolectric/robolectric,1,1,1,1,1,1,1,0,0,0,0,0,0
leeoniya/uPlot,1,1,1,1,1,1,1,1,1,0,0,0,0
reduxjs/reselect,1,1,1,1,1,1,1,1,1,1,0,0,0
ShiqiYu/libfacedetection,0,0,0,0,0,0,0,0,0,0,0,0,0
olivere/elastic,1,1,1,1,1,1,1,1,1,1,1,0,0
ggerganov/whisper.cpp,1,1,1,1,1,1,1,1,1,1,1,1,1
phoenixframework/phoenix,1,1,1,1,1,1,1,1,0,0,0,0,0
cure53/DOMPurify,1,1,1,1,0,0,0,0,0,0,0,0,0
99designs/aws-vault,1,1,1,1,1,1,1,1,1,1,0,0,0
flutter/flutter,1,1,1,1,1,1,1,1,1,1,1,1,1
Kong/insomnia,1,1,1,0,0,0,0,0,0,0,0,0,0
ggerganov/kbd-audio,0,0,0,0,0,0,0,0,0,0,0,0,0
confluentinc/ksql,1,1,1,1,0,0,0,0,0,0,0,0,0
facebookresearch/mmf,0,0,0,0,0,0,0,0,0,0,0,0,0
wojtekmaj/react-pdf,1,1,1,1,1,1,1,1,1,1,0,0,0
VirusTotal/yara,1,1,1,1,1,1,1,1,1,0,0,0,0
infernojs/inferno,1,1,1,1,1,1,1,1,0,0,0,0,0
microsoft/Bringing-Old-Photos-Back-to-Life,0,0,0,0,0,0,0,0,0,0,0,0,0
PhilJay/MPAndroidChart,1,1,1,0,0,0,0,0,0,0,0,0,0
Semantic-Org/Semantic-UI-React,1,1,1,1,1,1,1,1,1,1,1,1,0
zadam/trilium,1,1,1,1,1,1,1,0,0,0,0,0,0
tiangolo/full-stack-fastapi-postgresql,1,1,1,1,1,1,1,1,1,1,1,1,1
cssinjs/jss,1,1,1,1,1,1,1,1,1,1,1,1,0
developit/microbundle,1,1,1,1,1,1,1,1,1,1,0,0,0
saltstack/salt,1,1,1,1,1,1,1,1,0,0,0,0,0
restic/restic,1,1,1,1,1,1,1,1,1,1,1,1,0
celery/celery,1,1,1,1,1,1,1,1,1,1,1,1,0
gunthercox/ChatterBot,1,1,1,1,1,1,1,1,1,1,1,0,0
davidjbradshaw/iframe-resizer,1,1,1,1,1,1,0,0,0,0,0,0,0
shadowsocks/shadowsocks-android,1,1,1,1,1,0,0,0,0,0,0,0,0
boto/boto3,1,1,1,1,1,1,1,1,1,1,0,0,0
akiran/react-slick,1,1,1,1,1,1,0,0,0,0,0,0,0
BlackrockDigital/startbootstrap,0,0,0,0,0,0,0,0,0,0,0,0,0
miguelgrinberg/Flask-SocketIO,0,0,0,0,0,0,0,0,0,0,0,0,0
adobe-fonts/source-han-serif,1,1,1,1,0,0,0,0,0,0,0,0,0
MrS0m30n3/youtube-dl-gui,1,1,1,1,1,1,0,0,0,0,0,0,0
louthy/language-ext,1,1,1,1,1,1,0,0,0,0,0,0,0
microsoft/react-native-code-push,1,1,1,1,1,0,0,0,0,0,0,0,0
benoitc/gunicorn,1,1,1,1,1,1,1,1,1,0,0,0,0
jonas/tig,1,1,1,1,1,1,1,1,1,1,1,1,1
odeke-em/drive,1,1,1,1,1,1,1,1,1,1,0,0,0
emilk/egui,1,1,1,0,0,0,0,0,0,0,0,0,0
jonobr1/two.js,0,0,0,0,0,0,0,0,0,0,0,0,0
reactiveui/refit,1,1,1,1,1,1,1,1,1,1,1,0,0
primefaces/primeng,1,1,1,1,1,1,1,1,1,1,1,0,0
microsoft/SandDance,0,0,0,0,0,0,0,0,0,0,0,0,0
pagekit/pagekit,1,1,1,1,0,0,0,0,0,0,0,0,0
python-pillow/Pillow,1,1,1,1,1,1,1,1,1,1,1,0,0
photonstorm/phaser,1,1,1,1,1,1,1,1,1,1,1,0,0
davemorrissey/subsampling-scale-image-view,1,1,1,1,1,1,1,1,1,1,0,0,0
libimobiledevice/libimobiledevice,0,0,0,0,0,0,0,0,0,0,0,0,0
appbaseio/dejavu,1,1,1,1,1,1,1,1,1,0,0,0,0
digininja/DVWA,0,0,0,0,0,0,0,0,0,0,0,0,0
es-shims/es5-shim,1,1,1,1,1,1,1,1,1,1,1,0,0
invertase/react-native-firebase,1,1,1,1,1,1,1,1,0,0,0,0,0
nosir/cleave.js,1,1,0,0,0,0,0,0,0,0,0,0,0
guzzle/guzzle,1,1,1,1,1,0,0,0,0,0,0,0,0
pinterest/ktlint,1,1,1,1,1,1,1,1,1,1,1,0,0
sarcadass/granim.js,0,0,0,0,0,0,0,0,0,0,0,0,0
mozilla/DeepSpeech,1,1,1,1,1,1,1,1,1,1,1,1,0
sourcegraph/conc,1,1,1,1,1,1,1,1,0,0,0,0,0
apache/mxnet,1,1,1,1,1,1,1,1,1,0,0,0,0
maurosoria/dirsearch,1,1,1,0,0,0,0,0,0,0,0,0,0
jpbruinsslot/slack-term,1,1,1,1,1,1,1,1,1,1,1,1,0
hibiken/asynq,1,1,1,1,1,0,0,0,0,0,0,0,0
yarnpkg/yarn,1,1,1,1,1,1,1,1,1,0,0,0,0
nylas/nylas-mail,1,1,1,1,1,0,0,0,0,0,0,0,0
lz4/lz4,1,1,1,1,1,1,1,0,0,0,0,0,0
CocoaLumberjack/CocoaLumberjack,1,1,1,1,1,1,1,1,1,1,1,0,0
Azure/azure-quickstart-templates,0,0,0,0,0,0,0,0,0,0,0,0,0
tonsky/FiraCode,1,1,1,1,1,1,1,1,1,0,0,0,0
tidwall/tile38,1,1,1,1,1,1,1,1,1,1,1,1,0
FormidableLabs/webpack-dashboard,1,1,1,1,1,1,1,0,0,0,0,0,0
JamesNK/Newtonsoft.Json,1,0,0,0,0,0,0,0,0,0,0,0,0
a1studmuffin/SpaceshipGenerator,0,0,0,0,0,0,0,0,0,0,0,0,0
raulriera/TextFieldEffects,0,0,0,0,0,0,0,0,0,0,0,0,0
Akryum/vue-virtual-scroller,1,1,1,1,1,1,1,1,0,0,0,0,0
jedisct1/dsvpn,0,0,0,0,0,0,0,0,0,0,0,0,0
hashicorp/consul,1,1,1,1,1,1,1,1,1,1,1,1,1
redis/ioredis,1,1,1,1,1,1,1,1,1,1,1,1,0
microsoft/vcpkg,1,1,1,1,1,1,1,1,1,1,1,1,1
apache/doris,1,1,1,1,1,1,1,1,1,1,1,1,0
Automattic/kue,1,1,1,1,1,1,1,1,1,1,1,0,0
roughike/BottomBar,1,1,1,1,1,1,1,1,0,0,0,0,0
samber/lo,1,1,0,0,0,0,0,0,0,0,0,0,0
mqttjs/MQTT.js,1,1,1,1,1,1,1,1,1,1,0,0,0
hexojs/hexo,1,1,1,1,1,1,1,1,1,1,1,0,0
microsoft/DeepSpeed,1,1,1,1,1,1,1,1,1,1,1,0,0
xtermjs/xterm.js,1,1,1,1,1,1,1,1,1,1,1,0,0
vercel/pkg,1,1,1,1,1,1,1,1,1,1,1,1,0
juanfont/headscale,1,1,1,1,1,1,1,1,1,1,1,1,1
npm/cli,1,1,1,1,1,1,1,1,1,1,1,0,0
oblador/react-native-animatable,1,1,0,0,0,0,0,0,0,0,0,0,0
dolthub/dolt,1,1,1,1,1,1,1,1,1,1,1,1,0
huggingface/tokenizers,1,1,1,1,1,1,1,1,1,1,1,0,0
nfl/react-helmet,1,1,1,1,1,1,1,1,1,1,1,1,1
probml/pyprobml,0,0,0,0,0,0,0,0,0,0,0,0,0
lpereira/lwan,0,0,0,0,0,0,0,0,0,0,0,0,0
xournalpp/xournalpp,1,1,1,1,1,1,1,1,0,0,0,0,0
codertimo/BERT-pytorch,0,0,0,0,0,0,0,0,0,0,0,0,0
infinitered/nsfwjs,1,1,1,1,1,1,1,1,1,1,1,0,0
Kozea/WeasyPrint,1,1,1,1,1,1,1,1,1,1,1,1,0
z-song/laravel-admin,1,1,1,1,1,0,0,0,0,0,0,0,0
facebook/create-react-app,1,1,1,1,1,1,1,1,1,1,1,1,0
developit/mitt,1,1,1,1,1,1,1,1,0,0,0,0,0
ytdl-org/youtube-dl,1,1,1,1,1,1,1,1,1,1,1,1,0
tensorflow/models,1,1,1,0,0,0,0,0,0,0,0,0,0
typicode/json-server,1,1,1,1,1,1,1,1,1,0,0,0,0
apple/swift,0,0,0,0,0,0,0,0,0,0,0,0,0
adam-p/markdown-here,1,1,1,1,1,1,1,1,1,1,1,0,0
kelseyhightower/nocode,0,0,0,0,0,0,0,0,0,0,0,0,0
danielmiessler/SecLists,0,0,0,0,0,0,0,0,0,0,0,0,0
soimort/you-get,1,1,1,1,1,1,0,0,0,0,0,0,0
mozilla/pdf.js,1,1,1,1,1,1,1,1,1,1,1,1,1
commaai/openpilot,1,0,0,0,0,0,0,0,0,0,0,0,0
vuejs/core,1,1,0,0,0,0,0,0,0,0,0,0,0
grpc/grpc,1,1,1,1,1,1,1,1,1,0,0,0,0
streamich/react-use,1,1,1,1,1,1,1,1,1,1,1,1,1
topjohnwu/Magisk,1,1,1,1,0,0,0,0,0,0,0,0,0
impress/impress.js,1,1,1,1,1,1,1,1,1,0,0,0,0
google/leveldb,1,1,1,1,1,1,1,1,1,0,0,0,0
shadowsocks/shadowsocks,0,0,0,0,0,0,0,0,0,0,0,0,0
gulpjs/gulp,1,1,1,1,1,1,1,1,1,1,0,0,0
openai/gym,1,1,1,1,1,1,1,0,0,0,0,0,0
google/googletest,1,1,1,1,1,1,1,1,1,1,0,0,0
tmux/tmux,1,1,1,1,0,0,0,0,0,0,0,0,0
jesseduffield/lazydocker,1,1,1,1,1,1,1,1,1,1,1,0,0
vuejs/vue-cli,1,1,1,1,1,1,1,1,1,1,1,0,0
tastejs/todomvc,0,0,0,0,0,0,0,0,0,0,0,0,0
kenwheeler/slick,1,1,1,0,0,0,0,0,0,0,0,0,0
VincentGarreau/particles.js,0,0,0,0,0,0,0,0,0,0,0,0,0
danielgindi/Charts,1,1,1,1,1,0,0,0,0,0,0,0,0
JedWatson/react-select,1,1,1,1,1,1,1,1,1,1,1,1,1
facebookresearch/detectron2,0,0,0,0,0,0,0,0,0,0,0,0,0
rethinkdb/rethinkdb,1,1,1,1,1,1,1,1,1,1,1,1,1
codemirror/codemirror5,1,1,0,0,0,0,0,0,0,0,0,0,0
facebook/folly,0,0,0,0,0,0,0,0,0,0,0,0,0
ajaxorg/ace,1,1,1,1,1,1,1,1,1,1,1,1,0
rstacruz/nprogress,1,1,1,1,1,1,1,1,1,1,1,0,0
tj/commander.js,1,1,1,1,1,1,1,1,1,1,1,0,0
facebookresearch/fastText,1,1,1,1,1,1,1,1,1,1,1,1,1
facebookresearch/faiss,1,1,1,0,0,0,0,0,0,0,0,0,0
powerline/fonts,0,0,0,0,0,0,0,0,0,0,0,0,0
greenrobot/EventBus,1,1,1,1,1,1,1,0,0,0,0,0,0
spf13/viper,1,1,1,1,1,1,1,1,0,0,0,0,0
vuejs/devtools,1,1,1,1,1,1,1,1,1,1,1,0,0
rollup/rollup,1,1,1,1,1,1,1,1,1,1,1,1,0
Netflix/Hystrix,1,1,1,1,1,1,1,1,1,1,1,1,0
microsoft/cascadia-code,1,1,1,1,1,1,1,1,1,1,0,0,0
balderdashy/sails,1,1,1,1,1,1,1,1,1,0,0,0,0
google/gson,1,1,1,1,1,1,1,1,1,1,1,1,1
rxhanson/Rectangle,1,1,1,1,1,0,0,0,0,0,0,0,0
facebook/flow,1,1,1,1,1,0,0,0,0,0,0,0,0
llvm/llvm-project,0,0,0,0,0,0,0,0,0,0,0,0,0
elixir-lang/elixir,1,1,1,1,1,1,0,0,0,0,0,0,0
felixrieseberg/windows95,1,1,1,1,1,0,0,0,0,0,0,0,0
chenglou/react-motion,1,1,1,1,1,1,1,1,1,1,0,0,0
robertdavidgraham/masscan,0,0,0,0,0,0,0,0,0,0,0,0,0
ai/nanoid,1,1,1,1,1,1,1,1,1,1,1,1,1
pugjs/pug,1,1,1,1,1,1,1,1,1,1,1,1,0
facebook/zstd,1,1,1,1,1,1,1,0,0,0,0,0,0
jquense/yup,1,1,1,1,1,1,1,1,0,0,0,0,0
eligrey/FileSaver.js,1,1,1,1,1,1,1,0,0,0,0,0,0
JohnCoates/Aerial,1,1,1,1,1,1,0,0,0,0,0,0,0
SamyPesse/How-to-Make-a-Computer-Operating-System,0,0,0,0,0,0,0,0,0,0,0,0,0
petkaantonov/bluebird,1,1,1,1,1,1,1,0,0,0,0,0,0
winstonjs/winston,1,1,1,1,1,1,1,1,1,1,1,1,0
camsong/You-Dont-Need-jQuery,0,0,0,0,0,0,0,0,0,0,0,0,0
valyala/fasthttp,1,1,1,1,1,1,1,1,1,1,1,1,0
ReactiveX/RxAndroid,1,1,1,1,1,1,0,0,0,0,0,0,0
FelisCatus/SwitchyOmega,1,1,1,1,1,1,1,1,1,1,1,0,0
FredKSchott/snowpack,1,1,1,1,1,1,1,1,1,1,1,1,0
tobiasahlin/SpinKit,1,1,1,1,1,1,1,1,1,1,0,0,0
nuysoft/Mock,1,1,1,1,1,1,1,1,1,1,1,0,0
facebookexperimental/Recoil,1,1,1,1,1,1,1,1,1,0,0,0,0
dhg/Skeleton,1,1,1,1,1,1,0,0,0,0,0,0,0
toml-lang/toml,0,0,0,0,0,0,0,0,0,0,0,0,0
square/picasso,0,0,0,0,0,0,0,0,0,0,0,0,0
google/web-starter-kit,1,1,1,1,1,1,0,0,0,0,0,0,0
SnapKit/Masonry,0,0,0,0,0,0,0,0,0,0,0,0,0
facebook/relay,1,1,1,1,1,1,1,1,1,1,0,0,0
tj/n,1,1,1,1,1,1,1,1,1,0,0,0,0
uikit/uikit,0,0,0,0,0,0,0,0,0,0,0,0,0
chriskiehl/Gooey,1,1,1,1,0,0,0,0,0,0,0,0,0
iovisor/bcc,0,0,0,0,0,0,0,0,0,0,0,0,0
reduxjs/redux-thunk,1,1,1,1,1,1,1,1,1,1,0,0,0
gentilkiwi/mimikatz,1,1,1,1,1,1,1,1,1,1,1,1,1
koekeishiya/yabai,1,1,1,1,1,0,0,0,0,0,0,0,0
julianshapiro/velocity,1,1,1,1,1,0,0,0,0,0,0,0,0
google/dagger,1,1,1,1,1,1,1,1,1,1,1,0,0
facebook/fresco,1,1,1,1,1,0,0,0,0,0,0,0,0
defunkt/jquery-pjax,0,0,0,0,0,0,0,0,0,0,0,0,0
facebook/yoga,1,1,1,1,1,1,1,0,0,0,0,0,0
wagerfield/parallax,0,0,0,0,0,0,0,0,0,0,0,0,0
briannesbitt/Carbon,1,1,1,1,1,1,1,1,0,0,0,0,0
desandro/masonry,1,1,1,1,1,1,1,1,1,1,0,0,0
rakyll/hey,0,0,0,0,0,0,0,0,0,0,0,0,0
janl/mustache.js,1,1,1,1,1,1,1,1,0,0,0,0,0
microsoft/WSL,1,1,1,1,1,1,0,0,0,0,0,0,0
openwrt/openwrt,1,1,1,1,1,1,1,1,1,1,0,0,0
facebook/lexical,1,1,1,1,1,1,1,1,1,1,1,1,1
google/cadvisor,1,1,1,1,1,1,1,1,1,0,0,0,0
alievk/avatarify-python,0,0,0,0,0,0,0,0,0,0,0,0,0
google/libphonenumber,1,1,0,0,0,0,0,0,0,0,0,0,0
brendangregg/FlameGraph,1,1,1,1,1,1,1,1,1,1,1,1,1
designmodo/Flat-UI,0,0,0,0,0,0,0,0,0,0,0,0,0
madrobby/zepto,1,1,1,1,0,0,0,0,0,0,0,0,0
ampproject/amphtml,1,1,1,1,1,1,1,1,1,1,1,1,0
esp8266/Arduino,1,1,1,1,1,1,1,1,1,1,1,1,0
maxwellito/vivus,1,1,1,1,0,0,0,0,0,0,0,0,0
hashicorp/packer,1,1,1,1,1,1,0,0,0,0,0,0,0
bvaughn/react-window,1,1,1,1,1,1,1,1,1,1,1,1,1
apple/ml-stable-diffusion,0,0,0,0,0,0,0,0,0,0,0,0,0
janpaepke/ScrollMagic,1,1,1,1,1,1,1,1,1,0,0,0,0
graphql/graphql-spec,1,1,1,1,1,1,1,1,1,1,1,0,0
hashicorp/nomad,1,1,1,1,1,1,1,1,1,1,1,1,0
borisdayma/dalle-mini,1,1,1,1,1,1,1,1,0,0,0,0,0
dropbox/zxcvbn,1,1,1,0,0,0,0,0,0,0,0,0,0
ccgus/fmdb,1,1,1,1,1,0,0,0,0,0,0,0,0
foreversd/forever,1,1,1,1,1,1,1,1,0,0,0,0,0
reduxjs/redux-devtools,1,1,1,1,1,1,1,1,1,1,1,0,0
paperjs/paper.js,1,1,1,1,1,1,1,1,1,1,0,0,0
rlabbe/Kalman-and-Bayesian-Filters-in-Python,0,0,0,0,0,0,0,0,0,0,0,0,0
http-party/node-http-proxy,1,1,1,1,1,1,1,1,1,1,1,1,1
NVIDIA/open-gpu-kernel-modules,1,1,1,1,0,0,0,0,0,0,0,0,0
apprenticeharper/DeDRM_tools,1,1,0,0,0,0,0,0,0,0,0,0,0
ben-manes/caffeine,1,1,1,1,1,1,1,1,1,1,1,0,0
strongloop/loopback,1,1,1,1,1,1,1,1,1,1,1,1,1
signalapp/Signal-Desktop,1,1,1,1,0,0,0,0,0,0,0,0,0
lra/mackup,0,0,0,0,0,0,0,0,0,0,0,0,0
mattboldt/typed.js,1,1,1,0,0,0,0,0,0,0,0,0,0
kubernetes/dashboard,1,1,1,1,1,1,1,1,1,0,0,0,0
facebook/flipper,1,1,1,0,0,0,0,0,0,0,0,0,0
Netflix/zuul,1,1,1,1,1,1,1,1,1,0,0,0,0
chenshuo/muduo,0,0,0,0,0,0,0,0,0,0,0,0,0
twbs/bootstrap-sass,1,1,1,1,1,1,1,1,1,1,0,0,0
mishoo/UglifyJS,1,1,1,1,0,0,0,0,0,0,0,0,0
valinet/ExplorerPatcher,1,1,1,1,1,1,1,1,1,1,1,1,0
greenrobot/greenDAO,1,1,1,1,1,1,1,1,0,0,0,0,0
google/brotli,1,1,1,0,0,0,0,0,0,0,0,0,0
systemjs/systemjs,1,1,1,1,1,1,1,1,1,1,1,1,0
java-decompiler/jd-gui,1,1,1,1,1,0,0,0,0,0,0,0,0
scottbez1/smartknob,1,1,1,1,1,1,0,0,0,0,0,0,0
robbiehanson/CocoaAsyncSocket,1,1,1,1,1,1,1,1,1,1,1,1,1
daimajia/AndroidSwipeLayout,1,1,1,1,1,1,1,1,1,1,1,0,0
tomnomnom/gron,1,1,1,1,1,1,0,0,0,0,0,0,0
zenorocha/alfred-workflows,1,1,1,1,1,1,0,0,0,0,0,0,0
gaearon/react-hot-loader,1,1,1,1,1,1,1,1,1,1,1,0,0
slackhq/nebula,1,1,1,1,1,1,1,1,1,1,1,1,0
google/guice,1,1,1,0,0,0,0,0,0,0,0,0,0
cloudwu/skynet,1,1,0,0,0,0,0,0,0,0,0,0,0
Netflix/eureka,1,1,1,1,1,1,1,1,1,1,1,0,0
morhetz/gruvbox,1,1,1,1,1,1,1,1,0,0,0,0,0
BrowserSync/browser-sync,1,1,1,1,1,1,1,1,1,1,1,0,0
twitter/twemproxy,0,0,0,0,0,0,0,0,0,0,0,0,0
mobile-shell/mosh,1,1,1,1,1,1,1,1,1,0,0,0,0
tmuxinator/tmuxinator,1,1,1,1,1,1,1,1,1,1,0,0,0
mailhog/MailHog,1,1,1,1,1,1,1,1,1,1,0,0,0
facebookresearch/detr,1,1,1,1,1,1,1,1,1,1,1,1,1
octalmage/robotjs,1,1,1,1,1,1,1,1,1,1,1,0,0
google/blockly,1,1,1,1,1,1,1,1,1,1,1,1,0
go-martini/martini,1,1,1,1,1,1,0,0,0,0,0,0,0
cheat-engine/cheat-engine,1,1,1,1,0,0,0,0,0,0,0,0,0
majodev/google-webfonts-helper,1,1,1,1,0,0,0,0,0,0,0,0,0
scottjehl/Respond,0,0,0,0,0,0,0,0,0,0,0,0,0
lokesh/color-thief,1,1,1,1,1,1,1,1,1,0,0,0,0
dimsemenov/Magnific-Popup,1,1,1,1,1,1,1,1,1,1,0,0,0
ptmt/react-native-macos,1,1,1,1,1,1,1,1,1,0,0,0,0
openresty/openresty,1,1,1,1,1,1,1,1,1,0,0,0,0
DmitryBaranovskiy/raphael,1,1,1,1,1,1,0,0,0,0,0,0,0
WebAssembly/design,1,1,1,1,1,1,1,1,1,1,1,1,1
PrismJS/prism,0,0,0,0,0,0,0,0,0,0,0,0,0
rui314/mold,1,1,1,1,1,1,1,1,1,1,0,0,0
doctrine/inflector,1,1,1,1,1,1,1,1,1,1,0,0,0
overleaf/overleaf,0,0,0,0,0,0,0,0,0,0,0,0,0
doctrine/lexer,1,1,1,1,1,1,1,1,1,1,1,1,1
microsoft/pyright,1,1,0,0,0,0,0,0,0,0,0,0,0
doctrine/instantiator,1,1,1,1,1,1,1,1,1,1,1,1,0
WickyNilliams/headroom.js,0,0,0,0,0,0,0,0,0,0,0,0,0
magicalpanda/MagicalRecord,0,0,0,0,0,0,0,0,0,0,0,0,0
grpc/grpc-java,1,1,1,1,1,1,1,1,1,1,1,0,0
metafizzy/isotope,1,1,1,1,1,1,1,1,1,1,1,1,0
google-deepmind/alphafold,1,1,1,1,0,0,0,0,0,0,0,0,0
git-up/GitUp,1,1,1,1,1,0,0,0,0,0,0,0,0
nasa/openmct,1,1,1,1,1,1,1,1,1,1,0,0,0
pxb1988/dex2jar,1,1,1,1,1,1,1,1,0,0,0,0,0
dangrossman/daterangepicker,1,1,1,1,0,0,0,0,0,0,0,0,0
bpampuch/pdfmake,1,1,1,1,0,0,0,0,0,0,0,0,0
karpathy/convnetjs,0,0,0,0,0,0,0,0,0,0,0,0,0
openalpr/openalpr,0,0,0,0,0,0,0,0,0,0,0,0,0
marcotcr/lime,0,0,0,0,0,0,0,0,0,0,0,0,0
andlabs/libui,1,1,1,1,1,1,1,0,0,0,0,0,0
erlang/otp,1,1,1,0,0,0,0,0,0,0,0,0,0
h2o/h2o,1,1,1,1,1,1,1,1,1,1,1,1,0
facebookresearch/ParlAI,1,1,1,1,1,1,1,1,1,1,1,1,0
RestKit/RestKit,1,1,1,1,1,1,1,1,1,0,0,0,0
google/auto,1,1,1,1,1,1,1,1,1,1,1,0,0
espressif/esp-idf,1,1,1,1,1,1,1,1,1,1,1,0,0
JakeWharton/timber,0,0,0,0,0,0,0,0,0,0,0,0,0
NaturalNode/natural,0,0,0,0,0,0,0,0,0,0,0,0,0
acaudwell/Gource,0,0,0,0,0,0,0,0,0,0,0,0,0
keycastr/keycastr,1,1,1,1,0,0,0,0,0,0,0,0,0
reactjs/react-transition-group,1,1,1,1,1,1,1,1,1,1,1,1,1
xdissent/ievms,0,0,0,0,0,0,0,0,0,0,0,0,0
reduxjs/redux-toolkit,1,1,1,1,1,1,1,1,1,1,1,1,0
TooTallNate/Java-WebSocket,1,1,1,1,1,1,1,0,0,0,0,0,0
UKPLab/sentence-transformers,1,1,1,1,0,0,0,0,0,0,0,0,0
matthieua/WOW,1,1,1,1,1,1,1,0,0,0,0,0,0
google/or-tools,1,1,1,1,1,1,1,1,0,0,0,0,0
signalapp/Signal-iOS,1,1,1,0,0,0,0,0,0,0,0,0,0
kevinzhow/PNChart,0,0,0,0,0,0,0,0,0,0,0,0,0
fossasia/visdom,0,0,0,0,0,0,0,0,0,0,0,0,0
sshuttle/sshuttle,1,1,1,1,1,1,1,1,1,1,1,0,0
JakeWharton/RxBinding,0,0,0,0,0,0,0,0,0,0,0,0,0
php-fig/container,1,1,1,1,1,0,0,0,0,0,0,0,0
sdelements/lets-chat,0,0,0,0,0,0,0,0,0,0,0,0,0
liaohuqiu/android-Ultra-Pull-To-Refresh,1,1,1,1,1,1,1,1,0,0,0,0,0
sindresorhus/pageres,1,1,1,1,1,1,1,1,1,1,1,0,0
apidoc/apidoc,1,1,1,1,1,1,1,1,1,1,0,0,0
peachananr/onepage-scroll,0,0,0,0,0,0,0,0,0,0,0,0,0
amueller/word_cloud,0,0,0,0,0,0,0,0,0,0,0,0,0
transmission/transmission,1,1,1,1,1,0,0,0,0,0,0,0,0
Automattic/node-canvas,1,1,1,1,1,1,1,1,1,1,1,0,0
facebookresearch/AnimatedDrawings,0,0,0,0,0,0,0,0,0,0,0,0,0
gabrielbull/react-desktop,1,1,0,0,0,0,0,0,0,0,0,0,0
umano/AndroidSlidingUpPanel,0,0,0,0,0,0,0,0,0,0,0,0,0
Koenkk/zigbee2mqtt,1,1,1,1,1,1,1,1,1,1,1,1,1
pockethub/PocketHub,0,0,0,0,0,0,0,0,0,0,0,0,0
facebookincubator/SocketRocket,0,0,0,0,0,0,0,0,0,0,0,0,0
apple/swift-package-manager,0,0,0,0,0,0,0,0,0,0,0,0,0
ninja-build/ninja,1,1,0,0,0,0,0,0,0,0,0,0,0
sparksuite/simplemde-markdown-editor,1,1,1,1,0,0,0,0,0,0,0,0,0
dingo/api,1,1,1,1,1,1,1,1,0,0,0,0,0
AutoMapper/AutoMapper,1,1,1,1,1,1,1,1,1,1,1,1,0
eduardolundgren/tracking.js,1,1,1,1,1,1,0,0,0,0,0,0,0
mrmrs/colors,1,1,1,1,1,1,1,1,0,0,0,0,0
facebookresearch/maskrcnn-benchmark,0,0,0,0,0,0,0,0,0,0,0,0,0
hacksalot/HackMyResume,1,1,1,1,0,0,0,0,0,0,0,0,0
brendangregg/perf-tools,0,0,0,0,0,0,0,0,0,0,0,0,0
mobz/elasticsearch-head,0,0,0,0,0,0,0,0,0,0,0,0,0
clojure/clojurescript,0,0,0,0,0,0,0,0,0,0,0,0,0
tristanhimmelman/ObjectMapper,1,1,1,1,1,0,0,0,0,0,0,0,0
gskinner/regexr,1,1,1,1,0,0,0,0,0,0,0,0,0
facebook/chisel,1,1,1,1,1,1,1,1,1,1,1,1,0
aksonov/react-native-router-flux,1,1,1,1,1,0,0,0,0,0,0,0,0
restsharp/RestSharp,1,1,1,1,1,1,1,0,0,0,0,0,0
blevesearch/bleve,1,1,1,1,1,1,1,1,1,1,0,0,0
firebase/php-jwt,1,1,1,1,1,1,1,1,1,1,1,1,0
jshint/jshint,1,1,1,1,1,1,1,1,1,1,1,1,0
openai/spinningup,0,0,0,0,0,0,0,0,0,0,0,0,0
seatgeek/fuzzywuzzy,1,1,1,1,1,1,0,0,0,0,0,0,0
desandro/imagesloaded,1,1,1,1,1,1,1,1,1,0,0,0,0
ibireme/YYText,1,1,1,1,1,1,1,1,1,0,0,0,0
carrierwaveuploader/carrierwave,1,1,1,1,1,1,1,1,1,1,0,0,0
TTTAttributedLabel/TTTAttributedLabel,1,1,1,1,1,1,0,0,0,0,0,0,0
tuupola/lazyload,1,1,1,1,0,0,0,0,0,0,0,0,0
Z3Prover/z3,1,1,1,1,1,1,1,1,1,0,0,0,0
HubSpot/offline,0,0,0,0,0,0,0,0,0,0,0,0,0
sindresorhus/ora,1,1,1,1,1,1,1,1,1,1,1,1,1
facebook/jscodeshift,1,1,1,1,1,1,1,1,1,1,0,0,0
chrisjenx/Calligraphy,1,1,1,1,1,1,1,1,0,0,0,0,0
DaveGamble/cJSON,1,1,1,1,1,1,1,1,1,1,1,1,0
docker/docker-bench-security,1,1,1,1,1,1,0,0,0,0,0,0,0
phpspec/prophecy,1,1,0,0,0,0,0,0,0,0,0,0,0
apiaryio/api-blueprint,1,1,1,1,1,1,0,0,0,0,0,0,0
mattingalls/Soundflower,0,0,0,0,0,0,0,0,0,0,0,0,0
junit-team/junit4,0,0,0,0,0,0,0,0,0,0,0,0,0
thoughtbot/laptop,1,1,1,1,1,1,1,1,1,0,0,0,0
mrdoob/stats.js,1,1,1,0,0,0,0,0,0,0,0,0,0
airbnb/epoxy,1,1,1,1,1,1,1,1,1,0,0,0,0
horst3180/arc-theme,0,0,0,0,0,0,0,0,0,0,0,0,0
AlessandroZ/LaZagne,1,1,1,1,1,0,0,0,0,0,0,0,0
microsoft/reactxp,1,1,1,1,1,1,1,1,0,0,0,0,0
andlabs/ui,0,0,0,0,0,0,0,0,0,0,0,0,0
beefproject/beef,1,1,1,1,1,1,1,1,1,1,1,0,0
seajs/seajs,1,1,1,1,1,1,1,1,1,1,0,0,0
mozilla/nunjucks,1,1,1,1,1,1,1,1,1,1,0,0,0
shwenzhang/AndResGuard,1,1,1,1,1,1,0,0,0,0,0,0,0
vercel/ncc,1,1,1,1,1,1,1,1,1,1,1,1,0
google/traceur-compiler,1,1,1,0,0,0,0,0,0,0,0,0,0
kelseyhightower/confd,0,0,0,0,0,0,0,0,0,0,0,0,0
path/FastImageCache,0,0,0,0,0,0,0,0,0,0,0,0,0
facebook/hermes,1,1,1,1,1,1,1,0,0,0,0,0,0
aboul3la/Sublist3r,1,1,1,1,1,1,1,1,0,0,0,0,0
cloudflare/cfssl,1,1,1,1,1,1,1,1,1,1,0,0,0
major/MySQLTuner-perl,1,1,1,1,1,1,1,0,0,0,0,0,0
CreateJS/EaselJS,0,0,0,0,0,0,0,0,0,0,0,0,0
cameron314/concurrentqueue,0,0,0,0,0,0,0,0,0,0,0,0,0
barryclark/jekyll-now,1,1,1,1,1,1,1,1,1,1,1,1,1
mailcheck/mailcheck,0,0,0,0,0,0,0,0,0,0,0,0,0
lib/pq,0,0,0,0,0,0,0,0,0,0,0,0,0
google/tsunami-security-scanner,0,0,0,0,0,0,0,0,0,0,0,0,0
mgonto/restangular,1,1,1,1,0,0,0,0,0,0,0,0,0
yandex/gixy,1,1,1,1,1,1,1,1,1,0,0,0,0
antirez/disque,0,0,0,0,0,0,0,0,0,0,0,0,0
lexrus/LTMorphingLabel,1,1,1,1,1,1,1,1,1,1,1,1,1
danialfarid/ng-file-upload,1,1,1,1,1,1,1,1,1,1,0,0,0
facebook/proxygen,0,0,0,0,0,0,0,0,0,0,0,0,0
sahat/satellizer,1,1,1,1,1,1,1,1,1,1,0,0,0
objective-see/LuLu,1,1,1,1,1,1,1,1,1,0,0,0,0
ChrisRM/material-theme-jetbrains,1,1,1,1,1,0,0,0,0,0,0,0,0
jemalloc/jemalloc,0,0,0,0,0,0,0,0,0,0,0,0,0
Flipboard/FLAnimatedImage,1,1,1,1,1,0,0,0,0,0,0,0,0
plantuml/plantuml,0,0,0,0,0,0,0,0,0,0,0,0,0
ashleymills/Reachability.swift,0,0,0,0,0,0,0,0,0,0,0,0,0
guzzle/psr7,1,1,1,0,0,0,0,0,0,0,0,0,0
thoughtbot/dotfiles,1,1,1,1,1,1,1,1,1,1,1,1,1
doctrine/cache,1,1,1,1,1,1,1,1,1,1,1,1,0
trello/RxLifecycle,1,1,1,1,1,1,1,1,1,1,1,1,0
ericchiang/pup,1,1,1,1,0,0,0,0,0,0,0,0,0
facebookresearch/pytorch3d,1,1,1,1,1,1,1,1,1,1,1,1,1
GloriousEggroll/proton-ge-custom,1,1,1,1,1,0,0,0,0,0,0,0,0
evilstreak/markdown-js,1,1,1,1,1,1,1,1,1,1,1,1,1
clsid2/mpc-hc,1,1,0,0,0,0,0,0,0,0,0,0,0
vladikoff/chromeos-apk,0,0,0,0,0,0,0,0,0,0,0,0,0
visionmedia/page.js,1,1,1,1,1,1,0,0,0,0,0,0,0
facebook/litho,1,1,1,1,1,1,1,0,0,0,0,0,0
mps-youtube/yewtube,1,1,1,1,1,1,1,1,0,0,0,0,0
michaelvillar/dynamics.js,1,1,1,1,0,0,0,0,0,0,0,0,0
facebookresearch/hydra,1,1,1,1,1,1,1,1,1,1,1,1,1
inorganik/countUp.js,1,1,1,1,0,0,0,0,0,0,0,0,0
darktable-org/darktable,1,1,1,1,1,0,0,0,0,0,0,0,0
gperftools/gperftools,1,1,1,1,1,1,1,1,0,0,0,0,0
guzzle/promises,0,0,0,0,0,0,0,0,0,0,0,0,0
dargullin/icheck,0,0,0,0,0,0,0,0,0,0,0,0,0
hashicorp/raft,1,1,1,1,1,1,1,1,1,1,1,1,0
hwchase17/langchainjs,1,1,1,1,1,1,1,1,1,1,1,1,1
fideloper/TrustedProxy,1,1,1,1,1,1,1,1,0,0,0,0,0
robb/Cartography,1,1,1,1,1,1,1,1,1,0,0,0,0
technomancy/leiningen,0,0,0,0,0,0,0,0,0,0,0,0,0
metafizzy/flickity,1,1,1,1,1,1,1,1,1,1,1,0,0
peco/peco,1,1,1,1,1,1,1,1,1,0,0,0,0
phar-io/manifest,0,0,0,0,0,0,0,0,0,0,0,0,0
sindresorhus/github-markdown-css,1,1,1,1,1,1,1,1,1,1,1,0,0
phar-io/version,1,1,1,1,1,1,1,1,0,0,0,0,0
pedant/sweet-alert-dialog,0,0,0,0,0,0,0,0,0,0,0,0,0
priyankavergadia/google-cloud-4-words,0,0,0,0,0,0,0,0,0,0,0,0,0
umdjs/umd,1,1,1,1,1,1,1,1,1,1,1,1,1
robertkrimen/otto,1,1,1,1,1,1,1,1,1,1,1,1,1
MatthewYork/DateTools,1,1,1,0,0,0,0,0,0,0,0,0,0
draios/sysdig,1,1,1,1,1,1,1,0,0,0,0,0,0
novus/nvd3,0,0,0,0,0,0,0,0,0,0,0,0,0
open-source-parsers/jsoncpp,1,1,1,1,1,0,0,0,0,0,0,0,0
AGWA/git-crypt,0,0,0,0,0,0,0,0,0,0,0,0,0
romaonthego/RESideMenu,0,0,0,0,0,0,0,0,0,0,0,0,0
Wind4/vlmcsd,1,1,0,0,0,0,0,0,0,0,0,0,0
rxi/lite,0,0,0,0,0,0,0,0,0,0,0,0,0
Qihoo360/RePlugin,1,1,1,1,1,1,1,1,1,0,0,0,0
kubernetes/autoscaler,1,1,1,1,1,0,0,0,0,0,0,0,0
bitwiseshiftleft/sjcl,1,1,1,1,1,1,1,1,1,1,1,1,1
avast/retdec,1,1,1,1,1,1,1,1,1,0,0,0,0
mde/ejs,1,1,1,1,0,0,0,0,0,0,0,0,0
microsoft/WSL2-Linux-Kernel,1,1,1,0,0,0,0,0,0,0,0,0,0
golang/tools,1,1,1,1,1,1,1,1,1,1,0,0,0
jiaaro/pydub,1,1,1,1,1,1,0,0,0,0,0,0,0
lua/lua,0,0,0,0,0,0,0,0,0,0,0,0,0
nicklockwood/SwiftFormat,0,0,0,0,0,0,0,0,0,0,0,0,0
HubSpot/vex,1,1,1,1,1,1,1,1,1,1,1,1,1
microsoft/reverse-proxy,1,1,1,1,1,1,1,1,1,0,0,0,0
LeaVerou/awesomplete,0,0,0,0,0,0,0,0,0,0,0,0,0
sindresorhus/screenfull,1,1,1,1,1,1,1,1,1,1,0,0,0
hamcrest/hamcrest-php,0,0,0,0,0,0,0,0,0,0,0,0,0
cazala/synaptic,1,1,1,1,1,1,1,1,0,0,0,0,0
jsonmodel/jsonmodel,1,1,1,1,1,0,0,0,0,0,0,0,0
tgalal/yowsup,1,1,1,0,0,0,0,0,0,0,0,0,0
norvig/paip-lisp,1,1,1,1,1,1,1,1,1,0,0,0,0
Workiva/go-datastructures,1,1,1,1,1,1,1,1,1,1,1,1,0
rethinkdb/horizon,1,1,1,1,1,1,1,1,1,1,1,1,1
davatron5000/FitText.js,0,0,0,0,0,0,0,0,0,0,0,0,0
qinyuhang/ShadowsocksX-NG-R,0,0,0,0,0,0,0,0,0,0,0,0,0
mutualmobile/MMDrawerController,1,1,1,1,1,1,1,1,1,1,1,1,1
dataarts/dat.gui,1,1,1,1,1,1,1,1,1,1,0,0,0
mcollina/autocannon,1,1,1,1,1,1,1,1,1,1,1,0,0
jquense/react-big-calendar,1,1,1,1,1,1,1,1,1,1,1,1,1
mamedev/mame,0,0,0,0,0,0,0,0,0,0,0,0,0
erikflowers/weather-icons,0,0,0,0,0,0,0,0,0,0,0,0,0
tholman/elevator.js,0,0,0,0,0,0,0,0,0,0,0,0,0
daviddao/awful-ai,0,0,0,0,0,0,0,0,0,0,0,0,0
cisco/ChezScheme,0,0,0,0,0,0,0,0,0,0,0,0,0
TerryCavanagh/VVVVVV,0,0,0,0,0,0,0,0,0,0,0,0,0
NanoHttpd/nanohttpd,0,0,0,0,0,0,0,0,0,0,0,0,0
flightjs/flight,1,1,1,1,1,1,1,1,1,0,0,0,0
flask-restful/flask-restful,0,0,0,0,0,0,0,0,0,0,0,0,0
CocoaPods/Specs,0,0,0,0,0,0,0,0,0,0,0,0,0
madrobby/keymaster,0,0,0,0,0,0,0,0,0,0,0,0,0
maxogden/menubar,0,0,0,0,0,0,0,0,0,0,0,0,0
mamaral/Onboard,1,1,1,1,0,0,0,0,0,0,0,0,0
dotnet/wpf,0,0,0,0,0,0,0,0,0,0,0,0,0
microsoft/winfile,1,1,1,1,1,0,0,0,0,0,0,0,0
kanyun-inc/YTKNetwork,1,1,1,1,1,1,1,1,1,1,1,0,0
doublespeakgames/adarkroom,0,0,0,0,0,0,0,0,0,0,0,0,0
StackExchange/blackbox,1,1,1,1,1,1,1,1,1,1,1,1,1
auduno/clmtrackr,1,1,1,1,1,1,1,1,1,0,0,0,0
google/latexify_py,0,0,0,0,0,0,0,0,0,0,0,0,0
IFTTT/JazzHands,0,0,0,0,0,0,0,0,0,0,0,0,0
egoist/tsup,1,1,1,1,1,1,1,1,1,1,1,1,0
stanfordnlp/GloVe,0,0,0,0,0,0,0,0,0,0,0,0,0
bmatzelle/gow,1,1,1,1,1,0,0,0,0,0,0,0,0
magicmonty/bash-git-prompt,1,1,1,1,1,0,0,0,0,0,0,0,0
soimort/translate-shell,1,1,1,1,1,1,1,1,1,1,1,1,1
NVIDIA/Megatron-LM,0,0,0,0,0,0,0,0,0,0,0,0,0
ehazlett/shipyard,1,1,1,1,1,1,1,1,1,0,0,0,0
dnoegel/php-xdg-base-dir,0,0,0,0,0,0,0,0,0,0,0,0,0
tensorflow/tensorboard,1,1,1,1,1,1,1,1,1,1,1,0,0
dylang/npm-check,1,1,1,1,1,1,1,1,1,1,1,1,1
google/glog,1,1,1,1,1,1,1,1,1,1,1,0,0
erincatto/box2d,0,0,0,0,0,0,0,0,0,0,0,0,0
jart/blink,1,1,1,1,1,1,1,1,1,1,1,1,1
Famous/famous,0,0,0,0,0,0,0,0,0,0,0,0,0
KhronosGroup/glTF,0,0,0,0,0,0,0,0,0,0,0,0,0
davecheney/httpstat,1,1,1,1,1,0,0,0,0,0,0,0,0
noodlewerk/NWPusher,1,1,1,1,0,0,0,0,0,0,0,0,0
hirak/prestissimo,1,1,1,1,1,1,1,1,1,1,1,0,0
stubbornella/oocss,0,0,0,0,0,0,0,0,0,0,0,0,0
jquery/sizzle,1,1,1,1,1,1,1,1,1,1,1,0,0
JakubOnderka/PHP-Console-Highlighter,1,1,1,1,1,1,1,1,1,1,1,1,1
tictail/bounce.js,0,0,0,0,0,0,0,0,0,0,0,0,0
square/crossfilter,0,0,0,0,0,0,0,0,0,0,0,0,0
electerious/Lychee,1,1,1,1,1,1,1,1,1,1,0,0,0
JakubOnderka/PHP-Console-Color,1,1,1,1,1,1,1,1,1,1,1,1,1
microsoft/WinObjC,1,1,1,1,1,1,1,1,0,0,0,0,0
guard/guard,1,1,1,1,1,1,1,1,1,1,1,0,0
dotnet/reactive,1,1,1,1,1,1,1,1,1,1,1,0,0
kif-framework/KIF,1,1,1,1,1,0,0,0,0,0,0,0,0
skeeto/endlessh,0,0,0,0,0,0,0,0,0,0,0,0,0
Zizaco/entrust,0,0,0,0,0,0,0,0,0,0,0,0,0
rengwuxian/MaterialEditText,0,0,0,0,0,0,0,0,0,0,0,0,0
venmo/synx,0,0,0,0,0,0,0,0,0,0,0,0,0
zaphoyd/websocketpp,1,1,1,1,1,1,1,1,1,1,1,0,0
andreamazz/AMScrollingNavbar,1,1,1,1,1,1,1,1,0,0,0,0,0
ducksboard/gridster.js,0,0,0,0,0,0,0,0,0,0,0,0,0
django-extensions/django-extensions,1,1,1,1,1,1,1,1,1,1,1,0,0
orangeduck/Cello,0,0,0,0,0,0,0,0,0,0,0,0,0
bootandy/dust,0,0,0,0,0,0,0,0,0,0,0,0,0
brython-dev/brython,1,1,1,1,0,0,0,0,0,0,0,0,0
google/j2objc,1,1,1,1,1,0,0,0,0,0,0,0,0
vysheng/tg,0,0,0,0,0,0,0,0,0,0,0,0,0
flot/flot,1,1,1,1,1,1,1,0,0,0,0,0,0
TadasBaltrusaitis/OpenFace,1,1,1,1,1,1,0,0,0,0,0,0,0
robbiehanson/XMPPFramework,1,1,1,1,1,0,0,0,0,0,0,0,0
davidmerfield/randomColor,1,1,1,1,1,1,1,1,1,0,0,0,0
facebook/redex,0,0,0,0,0,0,0,0,0,0,0,0,0
aws/aws-sdk-php,1,0,0,0,0,0,0,0,0,0,0,0,0
google/grafika,0,0,0,0,0,0,0,0,0,0,0,0,0
redis/hiredis,1,1,1,1,1,1,1,1,1,1,0,0,0
TryGhost/node-sqlite3,1,1,1,1,1,1,1,1,1,1,0,0,0
facebookresearch/nougat,0,0,0,0,0,0,0,0,0,0,0,0,0
square/PonyDebugger,0,0,0,0,0,0,0,0,0,0,0,0,0
microsoft/VFSForGit,1,1,1,1,1,1,0,0,0,0,0,0,0
weibocom/motan,0,0,0,0,0,0,0,0,0,0,0,0,0
Nevcairiel/LAVFilters,0,0,0,0,0,0,0,0,0,0,0,0,0
alexazhou/VeryNginx,0,0,0,0,0,0,0,0,0,0,0,0,0
lokesh/lightbox2,1,1,1,1,1,1,1,1,1,0,0,0,0
tonsky/AnyBar,1,1,1,1,1,1,1,1,1,0,0,0,0
vuejs/vue-class-component,1,1,1,1,1,1,1,1,1,1,0,0,0
containers/skopeo,1,1,1,1,1,1,0,0,0,0,0,0,0
webpy/webpy,1,1,1,1,1,1,1,1,1,1,1,0,0
doctrine/collections,1,1,1,1,1,1,1,1,1,1,1,1,1
google/snappy,0,0,0,0,0,0,0,0,0,0,0,0,0
mgcrea/angular-strap,0,0,0,0,0,0,0,0,0,0,0,0,0
google/ios-webkit-debug-proxy,1,1,1,1,1,1,1,1,1,1,1,0,0
FastLED/FastLED,1,1,1,1,1,0,0,0,0,0,0,0,0
gorakhargosh/watchdog,1,1,1,1,1,1,1,1,1,1,1,1,1
huggingface/accelerate,1,1,1,1,1,1,1,1,1,1,1,1,0
doctrine/common,1,1,1,1,1,1,1,1,1,1,1,1,0
jdorn/json-editor,0,0,0,0,0,0,0,0,0,0,0,0,0
facebook/componentkit,0,0,0,0,0,0,0,0,0,0,0,0,0
huggingface/trl,1,1,1,1,1,1,1,1,1,1,1,1,1
thephpleague/omnipay,1,1,1,1,0,0,0,0,0,0,0,0,0
matthewmueller/x-ray,1,1,1,1,1,1,1,1,0,0,0,0,0
hashicorp/serf,1,1,1,1,1,1,1,1,1,0,0,0,0
tijsverkoyen/CssToInlineStyles,1,1,1,1,1,0,0,0,0,0,0,0,0
microsoft/ethr,1,1,1,1,1,0,0,0,0,0,0,0,0
BoltsFramework/Bolts-ObjC,1,1,1,1,1,1,1,1,0,0,0,0,0
pyenv/pyenv-virtualenv,1,1,1,1,1,1,1,1,1,1,1,0,0
microsoft/GSL,1,1,1,1,1,1,1,1,0,0,0,0,0
Masterminds/squirrel,1,1,1,1,1,1,0,0,0,0,0,0,0
daimajia/AndroidImageSlider,0,0,0,0,0,0,0,0,0,0,0,0,0
assaf/zombie,0,0,0,0,0,0,0,0,0,0,0,0,0
dmytrodanylyk/circular-progress-button,1,1,1,1,1,1,1,1,1,0,0,0,0
phiresky/ripgrep-all,1,1,1,1,1,1,1,1,1,1,1,1,1
share/sharedb,1,1,1,1,1,1,1,1,1,1,1,1,0
nanomsg/nanomsg,0,0,0,0,0,0,0,0,0,0,0,0,0
overtone/overtone,1,1,1,1,1,1,1,1,0,0,0,0,0
lukeed/clsx,1,1,1,1,1,1,1,1,1,1,1,1,1
Kitware/CMake,0,0,0,0,0,0,0,0,0,0,0,0,0
santinic/how2,0,0,0,0,0,0,0,0,0,0,0,0,0
bvaughn/react-error-boundary,1,1,1,1,1,1,1,1,1,1,0,0,0
vcr/vcr,1,1,1,1,1,1,1,1,1,1,1,1,1
ResearchKit/ResearchKit,0,0,0,0,0,0,0,0,0,0,0,0,0
airbnb/mavericks,1,1,1,1,1,1,1,1,1,1,1,0,0
WebGoat/WebGoat,1,1,1,1,1,1,1,1,1,1,0,0,0
emilsjolander/StickyListHeaders,0,0,0,0,0,0,0,0,0,0,0,0,0
facebookresearch/xformers,1,1,1,1,1,1,1,1,0,0,0,0,0
quartz-scheduler/quartz,1,1,1,1,1,1,1,1,0,0,0,0,0
shiftkey/desktop,1,1,1,1,1,1,1,1,1,1,1,1,0
klzgrad/naiveproxy,1,1,1,1,1,1,0,0,0,0,0,0,0
fikovnik/ShiftIt,1,1,1,1,1,1,1,1,1,1,1,0,0
lostisland/faraday,1,1,1,1,1,1,1,1,1,1,0,0,0
nate-parrott/Flashlight,0,0,0,0,0,0,0,0,0,0,0,0,0
mortenjust/androidtool-mac,1,1,1,1,1,0,0,0,0,0,0,0,0
balderdashy/waterline,1,1,1,1,1,1,1,1,0,0,0,0,0
sqlcipher/sqlcipher,0,0,0,0,0,0,0,0,0,0,0,0,0
USArmyResearchLab/Dshell,1,1,1,1,1,1,0,0,0,0,0,0,0
esnet/iperf,1,1,1,1,1,1,1,1,1,0,0,0,0
newren/git-filter-repo,0,0,0,0,0,0,0,0,0,0,0,0,0
jgilfelt/SystemBarTint,0,0,0,0,0,0,0,0,0,0,0,0,0
flask-admin/flask-admin,0,0,0,0,0,0,0,0,0,0,0,0,0
longld/peda,0,0,0,0,0,0,0,0,0,0,0,0,0
openpgpjs/openpgpjs,1,1,1,1,1,1,1,1,1,0,0,0,0
una/CSSgram,1,1,1,1,1,1,1,1,1,0,0,0,0
Grsmto/simplebar,1,1,1,1,1,1,1,1,0,0,0,0,0
krausest/js-framework-benchmark,1,1,1,1,0,0,0,0,0,0,0,0,0
tjanczuk/edge,0,0,0,0,0,0,0,0,0,0,0,0,0
syntaxhighlighter/syntaxhighlighter,1,1,1,1,1,0,0,0,0,0,0,0,0
spf13/afero,1,1,1,1,1,1,1,1,0,0,0,0,0
evant/gradle-retrolambda,0,0,0,0,0,0,0,0,0,0,0,0,0
sysown/proxysql,1,1,1,1,1,1,1,1,1,1,1,1,0
benhmoore/Knwl,0,0,0,0,0,0,0,0,0,0,0,0,0
ichord/At.js,1,1,1,1,1,1,1,1,1,1,1,1,1
dotnet/tye,1,1,1,1,1,1,1,1,1,1,1,1,1
vikmeup/SCLAlertView-Swift,0,0,0,0,0,0,0,0,0,0,0,0,0
gajus/react-css-modules,1,1,1,1,1,1,1,1,1,1,1,1,1
lukeed/polka,1,1,1,1,1,1,1,1,1,1,1,1,1
scenee/FloatingPanel,1,1,1,1,1,1,1,1,1,1,1,0,0
Kaggle/kaggle-api,0,0,0,0,0,0,0,0,0,0,0,0,0
daniel-lundin/snabbt.js,0,0,0,0,0,0,0,0,0,0,0,0,0
Sigil-Ebook/Sigil,1,1,1,1,0,0,0,0,0,0,0,0,0
facebook/sapling,1,1,1,1,1,1,1,1,1,1,1,1,1
fontforge/fontforge,1,1,1,1,1,1,1,0,0,0,0,0,0
popcorn-time/popcorn-app,0,0,0,0,0,0,0,0,0,0,0,0,0
KnuffApp/Knuff,0,0,0,0,0,0,0,0,0,0,0,0,0
XVimProject/XVim,0,0,0,0,0,0,0,0,0,0,0,0,0
socketio/socket.io-client-java,1,1,1,1,1,1,1,1,1,1,1,1,1
sdkman/sdkman-cli,1,1,1,1,1,1,1,1,1,0,0,0,0
Haneke/HanekeSwift,1,1,1,1,1,1,1,1,0,0,0,0,0
Ji4n1ng/OpenInTerminal,0,0,0,0,0,0,0,0,0,0,0,0,0
contribsys/faktory,1,1,1,1,1,1,1,1,1,1,1,1,1
cplusplus/draft,0,0,0,0,0,0,0,0,0,0,0,0,0
b4winckler/macvim,1,1,1,1,1,0,0,0,0,0,0,0,0
netblue30/firejail,1,1,1,1,1,1,0,0,0,0,0,0,0
kolodny/immutability-helper,1,1,1,1,0,0,0,0,0,0,0,0,0
russross/blackfriday,1,1,1,1,1,1,1,1,1,1,0,0,0
jasonmayes/Real-Time-Person-Removal,0,0,0,0,0,0,0,0,0,0,0,0,0
moq/moq4,1,1,1,1,1,1,1,1,1,1,1,1,0
GavinZhuLei/vue-form-making,1,1,1,1,1,0,0,0,0,0,0,0,0
SubtitleEdit/subtitleedit,1,1,1,1,1,1,0,0,0,0,0,0,0
googollee/go-socket.io,0,0,0,0,0,0,0,0,0,0,0,0,0
